species,breed_key,breed_name,pose,file_path,starter_set
dog,mixed,Mixed / rescue,sitting,pets/dog/mixed/sitting.png,
dog,mixed,Mixed / rescue,laying,pets/dog/mixed/laying.png,
dog,mixed,Mixed / rescue,belly-up,pets/dog/mixed/belly-up.png,
dog,affenpinscher,Affenpinscher,sitting,pets/dog/affenpinscher/sitting.png,
dog,affenpinscher,Affenpinscher,laying,pets/dog/affenpinscher/laying.png,
dog,affenpinscher,Affenpinscher,belly-up,pets/dog/affenpinscher/belly-up.png,
dog,afghan-hound,Afghan Hound,sitting,pets/dog/afghan-hound/sitting.png,
dog,afghan-hound,Afghan Hound,laying,pets/dog/afghan-hound/laying.png,
dog,afghan-hound,Afghan Hound,belly-up,pets/dog/afghan-hound/belly-up.png,
dog,airedale-terrier,Airedale Terrier,sitting,pets/dog/airedale-terrier/sitting.png,
dog,airedale-terrier,Airedale Terrier,laying,pets/dog/airedale-terrier/laying.png,
dog,airedale-terrier,Airedale Terrier,belly-up,pets/dog/airedale-terrier/belly-up.png,
dog,akita,Akita,sitting,pets/dog/akita/sitting.png,
dog,akita,Akita,laying,pets/dog/akita/laying.png,
dog,akita,Akita,belly-up,pets/dog/akita/belly-up.png,
dog,alaskan-klee-kai,Alaskan Klee Kai,sitting,pets/dog/alaskan-klee-kai/sitting.png,
dog,alaskan-klee-kai,Alaskan Klee Kai,laying,pets/dog/alaskan-klee-kai/laying.png,
dog,alaskan-klee-kai,Alaskan Klee Kai,belly-up,pets/dog/alaskan-klee-kai/belly-up.png,
dog,alaskan-malamute,Alaskan Malamute,sitting,pets/dog/alaskan-malamute/sitting.png,
dog,alaskan-malamute,Alaskan Malamute,laying,pets/dog/alaskan-malamute/laying.png,
dog,alaskan-malamute,Alaskan Malamute,belly-up,pets/dog/alaskan-malamute/belly-up.png,
dog,american-bulldog,American Bulldog,sitting,pets/dog/american-bulldog/sitting.png,
dog,american-bulldog,American Bulldog,laying,pets/dog/american-bulldog/laying.png,
dog,american-bulldog,American Bulldog,belly-up,pets/dog/american-bulldog/belly-up.png,
dog,american-bully,American Bully,sitting,pets/dog/american-bully/sitting.png,
dog,american-bully,American Bully,laying,pets/dog/american-bully/laying.png,
dog,american-bully,American Bully,belly-up,pets/dog/american-bully/belly-up.png,
dog,american-cocker-spaniel,American Cocker Spaniel,sitting,pets/dog/american-cocker-spaniel/sitting.png,
dog,american-cocker-spaniel,American Cocker Spaniel,laying,pets/dog/american-cocker-spaniel/laying.png,
dog,american-cocker-spaniel,American Cocker Spaniel,belly-up,pets/dog/american-cocker-spaniel/belly-up.png,
dog,american-english-coonhound,American English Coonhound,sitting,pets/dog/american-english-coonhound/sitting.png,
dog,american-english-coonhound,American English Coonhound,laying,pets/dog/american-english-coonhound/laying.png,
dog,american-english-coonhound,American English Coonhound,belly-up,pets/dog/american-english-coonhound/belly-up.png,
dog,american-eskimo-dog,American Eskimo Dog,sitting,pets/dog/american-eskimo-dog/sitting.png,
dog,american-eskimo-dog,American Eskimo Dog,laying,pets/dog/american-eskimo-dog/laying.png,
dog,american-eskimo-dog,American Eskimo Dog,belly-up,pets/dog/american-eskimo-dog/belly-up.png,
dog,american-foxhound,American Foxhound,sitting,pets/dog/american-foxhound/sitting.png,
dog,american-foxhound,American Foxhound,laying,pets/dog/american-foxhound/laying.png,
dog,american-foxhound,American Foxhound,belly-up,pets/dog/american-foxhound/belly-up.png,
dog,american-hairless-terrier,American Hairless Terrier,sitting,pets/dog/american-hairless-terrier/sitting.png,
dog,american-hairless-terrier,American Hairless Terrier,laying,pets/dog/american-hairless-terrier/laying.png,
dog,american-hairless-terrier,American Hairless Terrier,belly-up,pets/dog/american-hairless-terrier/belly-up.png,
dog,american-pit-bull-terrier,American Pit Bull Terrier,sitting,pets/dog/american-pit-bull-terrier/sitting.png,
dog,american-pit-bull-terrier,American Pit Bull Terrier,laying,pets/dog/american-pit-bull-terrier/laying.png,
dog,american-pit-bull-terrier,American Pit Bull Terrier,belly-up,pets/dog/american-pit-bull-terrier/belly-up.png,
dog,american-staffordshire-terrier,American Staffordshire Terrier,sitting,pets/dog/american-staffordshire-terrier/sitting.png,
dog,american-staffordshire-terrier,American Staffordshire Terrier,laying,pets/dog/american-staffordshire-terrier/laying.png,
dog,american-staffordshire-terrier,American Staffordshire Terrier,belly-up,pets/dog/american-staffordshire-terrier/belly-up.png,
dog,american-water-spaniel,American Water Spaniel,sitting,pets/dog/american-water-spaniel/sitting.png,
dog,american-water-spaniel,American Water Spaniel,laying,pets/dog/american-water-spaniel/laying.png,
dog,american-water-spaniel,American Water Spaniel,belly-up,pets/dog/american-water-spaniel/belly-up.png,
dog,anatolian-shepherd-dog,Anatolian Shepherd Dog,sitting,pets/dog/anatolian-shepherd-dog/sitting.png,
dog,anatolian-shepherd-dog,Anatolian Shepherd Dog,laying,pets/dog/anatolian-shepherd-dog/laying.png,
dog,anatolian-shepherd-dog,Anatolian Shepherd Dog,belly-up,pets/dog/anatolian-shepherd-dog/belly-up.png,
dog,appenzeller-sennenhund,Appenzeller Sennenhund,sitting,pets/dog/appenzeller-sennenhund/sitting.png,
dog,appenzeller-sennenhund,Appenzeller Sennenhund,laying,pets/dog/appenzeller-sennenhund/laying.png,
dog,appenzeller-sennenhund,Appenzeller Sennenhund,belly-up,pets/dog/appenzeller-sennenhund/belly-up.png,
dog,australian-cattle-dog,Australian Cattle Dog,sitting,pets/dog/australian-cattle-dog/sitting.png,
dog,australian-cattle-dog,Australian Cattle Dog,laying,pets/dog/australian-cattle-dog/laying.png,
dog,australian-cattle-dog,Australian Cattle Dog,belly-up,pets/dog/australian-cattle-dog/belly-up.png,
dog,australian-kelpie,Australian Kelpie,sitting,pets/dog/australian-kelpie/sitting.png,
dog,australian-kelpie,Australian Kelpie,laying,pets/dog/australian-kelpie/laying.png,
dog,australian-kelpie,Australian Kelpie,belly-up,pets/dog/australian-kelpie/belly-up.png,
dog,australian-shepherd,Australian Shepherd,sitting,pets/dog/australian-shepherd/sitting.png,YES
dog,australian-shepherd,Australian Shepherd,laying,pets/dog/australian-shepherd/laying.png,YES
dog,australian-shepherd,Australian Shepherd,belly-up,pets/dog/australian-shepherd/belly-up.png,YES
dog,australian-terrier,Australian Terrier,sitting,pets/dog/australian-terrier/sitting.png,
dog,australian-terrier,Australian Terrier,laying,pets/dog/australian-terrier/laying.png,
dog,australian-terrier,Australian Terrier,belly-up,pets/dog/australian-terrier/belly-up.png,
dog,azawakh,Azawakh,sitting,pets/dog/azawakh/sitting.png,
dog,azawakh,Azawakh,laying,pets/dog/azawakh/laying.png,
dog,azawakh,Azawakh,belly-up,pets/dog/azawakh/belly-up.png,
dog,barbet,Barbet,sitting,pets/dog/barbet/sitting.png,
dog,barbet,Barbet,laying,pets/dog/barbet/laying.png,
dog,barbet,Barbet,belly-up,pets/dog/barbet/belly-up.png,
dog,basenji,Basenji,sitting,pets/dog/basenji/sitting.png,
dog,basenji,Basenji,laying,pets/dog/basenji/laying.png,
dog,basenji,Basenji,belly-up,pets/dog/basenji/belly-up.png,
dog,basset-fauve-de-bretagne,Basset Fauve de Bretagne,sitting,pets/dog/basset-fauve-de-bretagne/sitting.png,
dog,basset-fauve-de-bretagne,Basset Fauve de Bretagne,laying,pets/dog/basset-fauve-de-bretagne/laying.png,
dog,basset-fauve-de-bretagne,Basset Fauve de Bretagne,belly-up,pets/dog/basset-fauve-de-bretagne/belly-up.png,
dog,basset-hound,Basset Hound,sitting,pets/dog/basset-hound/sitting.png,
dog,basset-hound,Basset Hound,laying,pets/dog/basset-hound/laying.png,
dog,basset-hound,Basset Hound,belly-up,pets/dog/basset-hound/belly-up.png,
dog,bavarian-mountain-hound,Bavarian Mountain Hound,sitting,pets/dog/bavarian-mountain-hound/sitting.png,
dog,bavarian-mountain-hound,Bavarian Mountain Hound,laying,pets/dog/bavarian-mountain-hound/laying.png,
dog,bavarian-mountain-hound,Bavarian Mountain Hound,belly-up,pets/dog/bavarian-mountain-hound/belly-up.png,
dog,beagle,Beagle,sitting,pets/dog/beagle/sitting.png,YES
dog,beagle,Beagle,laying,pets/dog/beagle/laying.png,YES
dog,beagle,Beagle,belly-up,pets/dog/beagle/belly-up.png,YES
dog,bearded-collie,Bearded Collie,sitting,pets/dog/bearded-collie/sitting.png,
dog,bearded-collie,Bearded Collie,laying,pets/dog/bearded-collie/laying.png,
dog,bearded-collie,Bearded Collie,belly-up,pets/dog/bearded-collie/belly-up.png,
dog,beauceron,Beauceron,sitting,pets/dog/beauceron/sitting.png,
dog,beauceron,Beauceron,laying,pets/dog/beauceron/laying.png,
dog,beauceron,Beauceron,belly-up,pets/dog/beauceron/belly-up.png,
dog,bedlington-terrier,Bedlington Terrier,sitting,pets/dog/bedlington-terrier/sitting.png,
dog,bedlington-terrier,Bedlington Terrier,laying,pets/dog/bedlington-terrier/laying.png,
dog,bedlington-terrier,Bedlington Terrier,belly-up,pets/dog/bedlington-terrier/belly-up.png,
dog,belgian-laekenois,Belgian Laekenois,sitting,pets/dog/belgian-laekenois/sitting.png,
dog,belgian-laekenois,Belgian Laekenois,laying,pets/dog/belgian-laekenois/laying.png,
dog,belgian-laekenois,Belgian Laekenois,belly-up,pets/dog/belgian-laekenois/belly-up.png,
dog,belgian-malinois,Belgian Malinois,sitting,pets/dog/belgian-malinois/sitting.png,
dog,belgian-malinois,Belgian Malinois,laying,pets/dog/belgian-malinois/laying.png,
dog,belgian-malinois,Belgian Malinois,belly-up,pets/dog/belgian-malinois/belly-up.png,
dog,belgian-sheepdog,Belgian Sheepdog (Groenendael),sitting,pets/dog/belgian-sheepdog/sitting.png,
dog,belgian-sheepdog,Belgian Sheepdog (Groenendael),laying,pets/dog/belgian-sheepdog/laying.png,
dog,belgian-sheepdog,Belgian Sheepdog (Groenendael),belly-up,pets/dog/belgian-sheepdog/belly-up.png,
dog,belgian-tervuren,Belgian Tervuren,sitting,pets/dog/belgian-tervuren/sitting.png,
dog,belgian-tervuren,Belgian Tervuren,laying,pets/dog/belgian-tervuren/laying.png,
dog,belgian-tervuren,Belgian Tervuren,belly-up,pets/dog/belgian-tervuren/belly-up.png,
dog,bergamasco-sheepdog,Bergamasco Sheepdog,sitting,pets/dog/bergamasco-sheepdog/sitting.png,
dog,bergamasco-sheepdog,Bergamasco Sheepdog,laying,pets/dog/bergamasco-sheepdog/laying.png,
dog,bergamasco-sheepdog,Bergamasco Sheepdog,belly-up,pets/dog/bergamasco-sheepdog/belly-up.png,
dog,berger-picard,Berger Picard,sitting,pets/dog/berger-picard/sitting.png,
dog,berger-picard,Berger Picard,laying,pets/dog/berger-picard/laying.png,
dog,berger-picard,Berger Picard,belly-up,pets/dog/berger-picard/belly-up.png,
dog,bernedoodle,Bernedoodle,sitting,pets/dog/bernedoodle/sitting.png,
dog,bernedoodle,Bernedoodle,laying,pets/dog/bernedoodle/laying.png,
dog,bernedoodle,Bernedoodle,belly-up,pets/dog/bernedoodle/belly-up.png,
dog,bernese-mountain-dog,Bernese Mountain Dog,sitting,pets/dog/bernese-mountain-dog/sitting.png,
dog,bernese-mountain-dog,Bernese Mountain Dog,laying,pets/dog/bernese-mountain-dog/laying.png,
dog,bernese-mountain-dog,Bernese Mountain Dog,belly-up,pets/dog/bernese-mountain-dog/belly-up.png,
dog,bichon-frise,Bichon Frise,sitting,pets/dog/bichon-frise/sitting.png,
dog,bichon-frise,Bichon Frise,laying,pets/dog/bichon-frise/laying.png,
dog,bichon-frise,Bichon Frise,belly-up,pets/dog/bichon-frise/belly-up.png,
dog,biewer-terrier,Biewer Terrier,sitting,pets/dog/biewer-terrier/sitting.png,
dog,biewer-terrier,Biewer Terrier,laying,pets/dog/biewer-terrier/laying.png,
dog,biewer-terrier,Biewer Terrier,belly-up,pets/dog/biewer-terrier/belly-up.png,
dog,black-and-tan-coonhound,Black and Tan Coonhound,sitting,pets/dog/black-and-tan-coonhound/sitting.png,
dog,black-and-tan-coonhound,Black and Tan Coonhound,laying,pets/dog/black-and-tan-coonhound/laying.png,
dog,black-and-tan-coonhound,Black and Tan Coonhound,belly-up,pets/dog/black-and-tan-coonhound/belly-up.png,
dog,black-russian-terrier,Black Russian Terrier,sitting,pets/dog/black-russian-terrier/sitting.png,
dog,black-russian-terrier,Black Russian Terrier,laying,pets/dog/black-russian-terrier/laying.png,
dog,black-russian-terrier,Black Russian Terrier,belly-up,pets/dog/black-russian-terrier/belly-up.png,
dog,bloodhound,Bloodhound,sitting,pets/dog/bloodhound/sitting.png,
dog,bloodhound,Bloodhound,laying,pets/dog/bloodhound/laying.png,
dog,bloodhound,Bloodhound,belly-up,pets/dog/bloodhound/belly-up.png,
dog,bluetick-coonhound,Bluetick Coonhound,sitting,pets/dog/bluetick-coonhound/sitting.png,
dog,bluetick-coonhound,Bluetick Coonhound,laying,pets/dog/bluetick-coonhound/laying.png,
dog,bluetick-coonhound,Bluetick Coonhound,belly-up,pets/dog/bluetick-coonhound/belly-up.png,
dog,boerboel,Boerboel,sitting,pets/dog/boerboel/sitting.png,
dog,boerboel,Boerboel,laying,pets/dog/boerboel/laying.png,
dog,boerboel,Boerboel,belly-up,pets/dog/boerboel/belly-up.png,
dog,bolognese,Bolognese,sitting,pets/dog/bolognese/sitting.png,
dog,bolognese,Bolognese,laying,pets/dog/bolognese/laying.png,
dog,bolognese,Bolognese,belly-up,pets/dog/bolognese/belly-up.png,
dog,border-collie,Border Collie,sitting,pets/dog/border-collie/sitting.png,YES
dog,border-collie,Border Collie,laying,pets/dog/border-collie/laying.png,YES
dog,border-collie,Border Collie,belly-up,pets/dog/border-collie/belly-up.png,YES
dog,border-terrier,Border Terrier,sitting,pets/dog/border-terrier/sitting.png,
dog,border-terrier,Border Terrier,laying,pets/dog/border-terrier/laying.png,
dog,border-terrier,Border Terrier,belly-up,pets/dog/border-terrier/belly-up.png,
dog,borzoi,Borzoi,sitting,pets/dog/borzoi/sitting.png,
dog,borzoi,Borzoi,laying,pets/dog/borzoi/laying.png,
dog,borzoi,Borzoi,belly-up,pets/dog/borzoi/belly-up.png,
dog,boston-terrier,Boston Terrier,sitting,pets/dog/boston-terrier/sitting.png,
dog,boston-terrier,Boston Terrier,laying,pets/dog/boston-terrier/laying.png,
dog,boston-terrier,Boston Terrier,belly-up,pets/dog/boston-terrier/belly-up.png,
dog,bouvier-des-flandres,Bouvier des Flandres,sitting,pets/dog/bouvier-des-flandres/sitting.png,
dog,bouvier-des-flandres,Bouvier des Flandres,laying,pets/dog/bouvier-des-flandres/laying.png,
dog,bouvier-des-flandres,Bouvier des Flandres,belly-up,pets/dog/bouvier-des-flandres/belly-up.png,
dog,boxer,Boxer,sitting,pets/dog/boxer/sitting.png,YES
dog,boxer,Boxer,laying,pets/dog/boxer/laying.png,YES
dog,boxer,Boxer,belly-up,pets/dog/boxer/belly-up.png,YES
dog,boykin-spaniel,Boykin Spaniel,sitting,pets/dog/boykin-spaniel/sitting.png,
dog,boykin-spaniel,Boykin Spaniel,laying,pets/dog/boykin-spaniel/laying.png,
dog,boykin-spaniel,Boykin Spaniel,belly-up,pets/dog/boykin-spaniel/belly-up.png,
dog,bracco-italiano,Bracco Italiano,sitting,pets/dog/bracco-italiano/sitting.png,
dog,bracco-italiano,Bracco Italiano,laying,pets/dog/bracco-italiano/laying.png,
dog,bracco-italiano,Bracco Italiano,belly-up,pets/dog/bracco-italiano/belly-up.png,
dog,briard,Briard,sitting,pets/dog/briard/sitting.png,
dog,briard,Briard,laying,pets/dog/briard/laying.png,
dog,briard,Briard,belly-up,pets/dog/briard/belly-up.png,
dog,brittany,Brittany,sitting,pets/dog/brittany/sitting.png,
dog,brittany,Brittany,laying,pets/dog/brittany/laying.png,
dog,brittany,Brittany,belly-up,pets/dog/brittany/belly-up.png,
dog,broholmer,Broholmer,sitting,pets/dog/broholmer/sitting.png,
dog,broholmer,Broholmer,laying,pets/dog/broholmer/laying.png,
dog,broholmer,Broholmer,belly-up,pets/dog/broholmer/belly-up.png,
dog,brussels-griffon,Brussels Griffon,sitting,pets/dog/brussels-griffon/sitting.png,
dog,brussels-griffon,Brussels Griffon,laying,pets/dog/brussels-griffon/laying.png,
dog,brussels-griffon,Brussels Griffon,belly-up,pets/dog/brussels-griffon/belly-up.png,
dog,bull-terrier,Bull Terrier,sitting,pets/dog/bull-terrier/sitting.png,
dog,bull-terrier,Bull Terrier,laying,pets/dog/bull-terrier/laying.png,
dog,bull-terrier,Bull Terrier,belly-up,pets/dog/bull-terrier/belly-up.png,
dog,bulldog,Bulldog (English),sitting,pets/dog/bulldog/sitting.png,YES
dog,bulldog,Bulldog (English),laying,pets/dog/bulldog/laying.png,YES
dog,bulldog,Bulldog (English),belly-up,pets/dog/bulldog/belly-up.png,YES
dog,bullmastiff,Bullmastiff,sitting,pets/dog/bullmastiff/sitting.png,
dog,bullmastiff,Bullmastiff,laying,pets/dog/bullmastiff/laying.png,
dog,bullmastiff,Bullmastiff,belly-up,pets/dog/bullmastiff/belly-up.png,
dog,cairn-terrier,Cairn Terrier,sitting,pets/dog/cairn-terrier/sitting.png,
dog,cairn-terrier,Cairn Terrier,laying,pets/dog/cairn-terrier/laying.png,
dog,cairn-terrier,Cairn Terrier,belly-up,pets/dog/cairn-terrier/belly-up.png,
dog,canaan-dog,Canaan Dog,sitting,pets/dog/canaan-dog/sitting.png,
dog,canaan-dog,Canaan Dog,laying,pets/dog/canaan-dog/laying.png,
dog,canaan-dog,Canaan Dog,belly-up,pets/dog/canaan-dog/belly-up.png,
dog,cane-corso,Cane Corso,sitting,pets/dog/cane-corso/sitting.png,
dog,cane-corso,Cane Corso,laying,pets/dog/cane-corso/laying.png,
dog,cane-corso,Cane Corso,belly-up,pets/dog/cane-corso/belly-up.png,
dog,cardigan-welsh-corgi,Cardigan Welsh Corgi,sitting,pets/dog/cardigan-welsh-corgi/sitting.png,
dog,cardigan-welsh-corgi,Cardigan Welsh Corgi,laying,pets/dog/cardigan-welsh-corgi/laying.png,
dog,cardigan-welsh-corgi,Cardigan Welsh Corgi,belly-up,pets/dog/cardigan-welsh-corgi/belly-up.png,
dog,carolina-dog,Carolina Dog,sitting,pets/dog/carolina-dog/sitting.png,
dog,carolina-dog,Carolina Dog,laying,pets/dog/carolina-dog/laying.png,
dog,carolina-dog,Carolina Dog,belly-up,pets/dog/carolina-dog/belly-up.png,
dog,catahoula-leopard-dog,Catahoula Leopard Dog,sitting,pets/dog/catahoula-leopard-dog/sitting.png,
dog,catahoula-leopard-dog,Catahoula Leopard Dog,laying,pets/dog/catahoula-leopard-dog/laying.png,
dog,catahoula-leopard-dog,Catahoula Leopard Dog,belly-up,pets/dog/catahoula-leopard-dog/belly-up.png,
dog,caucasian-shepherd-dog,Caucasian Shepherd Dog,sitting,pets/dog/caucasian-shepherd-dog/sitting.png,
dog,caucasian-shepherd-dog,Caucasian Shepherd Dog,laying,pets/dog/caucasian-shepherd-dog/laying.png,
dog,caucasian-shepherd-dog,Caucasian Shepherd Dog,belly-up,pets/dog/caucasian-shepherd-dog/belly-up.png,
dog,cavachon,Cavachon,sitting,pets/dog/cavachon/sitting.png,
dog,cavachon,Cavachon,laying,pets/dog/cavachon/laying.png,
dog,cavachon,Cavachon,belly-up,pets/dog/cavachon/belly-up.png,
dog,cavalier-king-charles-spaniel,Cavalier King Charles Spaniel,sitting,pets/dog/cavalier-king-charles-spaniel/sitting.png,YES
dog,cavalier-king-charles-spaniel,Cavalier King Charles Spaniel,laying,pets/dog/cavalier-king-charles-spaniel/laying.png,YES
dog,cavalier-king-charles-spaniel,Cavalier King Charles Spaniel,belly-up,pets/dog/cavalier-king-charles-spaniel/belly-up.png,YES
dog,cavapoo,Cavapoo,sitting,pets/dog/cavapoo/sitting.png,
dog,cavapoo,Cavapoo,laying,pets/dog/cavapoo/laying.png,
dog,cavapoo,Cavapoo,belly-up,pets/dog/cavapoo/belly-up.png,
dog,central-asian-shepherd-dog,Central Asian Shepherd Dog,sitting,pets/dog/central-asian-shepherd-dog/sitting.png,
dog,central-asian-shepherd-dog,Central Asian Shepherd Dog,laying,pets/dog/central-asian-shepherd-dog/laying.png,
dog,central-asian-shepherd-dog,Central Asian Shepherd Dog,belly-up,pets/dog/central-asian-shepherd-dog/belly-up.png,
dog,cesky-terrier,Cesky Terrier,sitting,pets/dog/cesky-terrier/sitting.png,
dog,cesky-terrier,Cesky Terrier,laying,pets/dog/cesky-terrier/laying.png,
dog,cesky-terrier,Cesky Terrier,belly-up,pets/dog/cesky-terrier/belly-up.png,
dog,chesapeake-bay-retriever,Chesapeake Bay Retriever,sitting,pets/dog/chesapeake-bay-retriever/sitting.png,
dog,chesapeake-bay-retriever,Chesapeake Bay Retriever,laying,pets/dog/chesapeake-bay-retriever/laying.png,
dog,chesapeake-bay-retriever,Chesapeake Bay Retriever,belly-up,pets/dog/chesapeake-bay-retriever/belly-up.png,
dog,chihuahua,Chihuahua,sitting,pets/dog/chihuahua/sitting.png,YES
dog,chihuahua,Chihuahua,laying,pets/dog/chihuahua/laying.png,YES
dog,chihuahua,Chihuahua,belly-up,pets/dog/chihuahua/belly-up.png,YES
dog,chinese-crested,Chinese Crested,sitting,pets/dog/chinese-crested/sitting.png,
dog,chinese-crested,Chinese Crested,laying,pets/dog/chinese-crested/laying.png,
dog,chinese-crested,Chinese Crested,belly-up,pets/dog/chinese-crested/belly-up.png,
dog,chinese-shar-pei,Chinese Shar-Pei,sitting,pets/dog/chinese-shar-pei/sitting.png,
dog,chinese-shar-pei,Chinese Shar-Pei,laying,pets/dog/chinese-shar-pei/laying.png,
dog,chinese-shar-pei,Chinese Shar-Pei,belly-up,pets/dog/chinese-shar-pei/belly-up.png,
dog,chinook,Chinook,sitting,pets/dog/chinook/sitting.png,
dog,chinook,Chinook,laying,pets/dog/chinook/laying.png,
dog,chinook,Chinook,belly-up,pets/dog/chinook/belly-up.png,
dog,chow-chow,Chow Chow,sitting,pets/dog/chow-chow/sitting.png,
dog,chow-chow,Chow Chow,laying,pets/dog/chow-chow/laying.png,
dog,chow-chow,Chow Chow,belly-up,pets/dog/chow-chow/belly-up.png,
dog,cirneco-dell-etna,Cirneco dell'Etna,sitting,pets/dog/cirneco-dell-etna/sitting.png,
dog,cirneco-dell-etna,Cirneco dell'Etna,laying,pets/dog/cirneco-dell-etna/laying.png,
dog,cirneco-dell-etna,Cirneco dell'Etna,belly-up,pets/dog/cirneco-dell-etna/belly-up.png,
dog,clumber-spaniel,Clumber Spaniel,sitting,pets/dog/clumber-spaniel/sitting.png,
dog,clumber-spaniel,Clumber Spaniel,laying,pets/dog/clumber-spaniel/laying.png,
dog,clumber-spaniel,Clumber Spaniel,belly-up,pets/dog/clumber-spaniel/belly-up.png,
dog,cockapoo,Cockapoo,sitting,pets/dog/cockapoo/sitting.png,
dog,cockapoo,Cockapoo,laying,pets/dog/cockapoo/laying.png,
dog,cockapoo,Cockapoo,belly-up,pets/dog/cockapoo/belly-up.png,
dog,collie-rough,Collie (Rough),sitting,pets/dog/collie-rough/sitting.png,
dog,collie-rough,Collie (Rough),laying,pets/dog/collie-rough/laying.png,
dog,collie-rough,Collie (Rough),belly-up,pets/dog/collie-rough/belly-up.png,
dog,collie-smooth,Collie (Smooth),sitting,pets/dog/collie-smooth/sitting.png,
dog,collie-smooth,Collie (Smooth),laying,pets/dog/collie-smooth/laying.png,
dog,collie-smooth,Collie (Smooth),belly-up,pets/dog/collie-smooth/belly-up.png,
dog,coton-de-tulear,Coton de Tulear,sitting,pets/dog/coton-de-tulear/sitting.png,
dog,coton-de-tulear,Coton de Tulear,laying,pets/dog/coton-de-tulear/laying.png,
dog,coton-de-tulear,Coton de Tulear,belly-up,pets/dog/coton-de-tulear/belly-up.png,
dog,croatian-sheepdog,Croatian Sheepdog,sitting,pets/dog/croatian-sheepdog/sitting.png,
dog,croatian-sheepdog,Croatian Sheepdog,laying,pets/dog/croatian-sheepdog/laying.png,
dog,croatian-sheepdog,Croatian Sheepdog,belly-up,pets/dog/croatian-sheepdog/belly-up.png,
dog,curly-coated-retriever,Curly-Coated Retriever,sitting,pets/dog/curly-coated-retriever/sitting.png,
dog,curly-coated-retriever,Curly-Coated Retriever,laying,pets/dog/curly-coated-retriever/laying.png,
dog,curly-coated-retriever,Curly-Coated Retriever,belly-up,pets/dog/curly-coated-retriever/belly-up.png,
dog,czechoslovakian-vlcak,Czechoslovakian Vlcak,sitting,pets/dog/czechoslovakian-vlcak/sitting.png,
dog,czechoslovakian-vlcak,Czechoslovakian Vlcak,laying,pets/dog/czechoslovakian-vlcak/laying.png,
dog,czechoslovakian-vlcak,Czechoslovakian Vlcak,belly-up,pets/dog/czechoslovakian-vlcak/belly-up.png,
dog,dachshund,Dachshund,sitting,pets/dog/dachshund/sitting.png,YES
dog,dachshund,Dachshund,laying,pets/dog/dachshund/laying.png,YES
dog,dachshund,Dachshund,belly-up,pets/dog/dachshund/belly-up.png,YES
dog,dalmatian,Dalmatian,sitting,pets/dog/dalmatian/sitting.png,
dog,dalmatian,Dalmatian,laying,pets/dog/dalmatian/laying.png,
dog,dalmatian,Dalmatian,belly-up,pets/dog/dalmatian/belly-up.png,
dog,dandie-dinmont-terrier,Dandie Dinmont Terrier,sitting,pets/dog/dandie-dinmont-terrier/sitting.png,
dog,dandie-dinmont-terrier,Dandie Dinmont Terrier,laying,pets/dog/dandie-dinmont-terrier/laying.png,
dog,dandie-dinmont-terrier,Dandie Dinmont Terrier,belly-up,pets/dog/dandie-dinmont-terrier/belly-up.png,
dog,danish-swedish-farmdog,Danish-Swedish Farmdog,sitting,pets/dog/danish-swedish-farmdog/sitting.png,
dog,danish-swedish-farmdog,Danish-Swedish Farmdog,laying,pets/dog/danish-swedish-farmdog/laying.png,
dog,danish-swedish-farmdog,Danish-Swedish Farmdog,belly-up,pets/dog/danish-swedish-farmdog/belly-up.png,
dog,doberman-pinscher,Doberman Pinscher,sitting,pets/dog/doberman-pinscher/sitting.png,YES
dog,doberman-pinscher,Doberman Pinscher,laying,pets/dog/doberman-pinscher/laying.png,YES
dog,doberman-pinscher,Doberman Pinscher,belly-up,pets/dog/doberman-pinscher/belly-up.png,YES
dog,dogo-argentino,Dogo Argentino,sitting,pets/dog/dogo-argentino/sitting.png,
dog,dogo-argentino,Dogo Argentino,laying,pets/dog/dogo-argentino/laying.png,
dog,dogo-argentino,Dogo Argentino,belly-up,pets/dog/dogo-argentino/belly-up.png,
dog,dogue-de-bordeaux,Dogue de Bordeaux,sitting,pets/dog/dogue-de-bordeaux/sitting.png,
dog,dogue-de-bordeaux,Dogue de Bordeaux,laying,pets/dog/dogue-de-bordeaux/laying.png,
dog,dogue-de-bordeaux,Dogue de Bordeaux,belly-up,pets/dog/dogue-de-bordeaux/belly-up.png,
dog,drentsche-patrijshond,Drentsche Patrijshond,sitting,pets/dog/drentsche-patrijshond/sitting.png,
dog,drentsche-patrijshond,Drentsche Patrijshond,laying,pets/dog/drentsche-patrijshond/laying.png,
dog,drentsche-patrijshond,Drentsche Patrijshond,belly-up,pets/dog/drentsche-patrijshond/belly-up.png,
dog,drever,Drever,sitting,pets/dog/drever/sitting.png,
dog,drever,Drever,laying,pets/dog/drever/laying.png,
dog,drever,Drever,belly-up,pets/dog/drever/belly-up.png,
dog,dutch-shepherd,Dutch Shepherd,sitting,pets/dog/dutch-shepherd/sitting.png,
dog,dutch-shepherd,Dutch Shepherd,laying,pets/dog/dutch-shepherd/laying.png,
dog,dutch-shepherd,Dutch Shepherd,belly-up,pets/dog/dutch-shepherd/belly-up.png,
dog,english-cocker-spaniel,English Cocker Spaniel,sitting,pets/dog/english-cocker-spaniel/sitting.png,
dog,english-cocker-spaniel,English Cocker Spaniel,laying,pets/dog/english-cocker-spaniel/laying.png,
dog,english-cocker-spaniel,English Cocker Spaniel,belly-up,pets/dog/english-cocker-spaniel/belly-up.png,
dog,english-foxhound,English Foxhound,sitting,pets/dog/english-foxhound/sitting.png,
dog,english-foxhound,English Foxhound,laying,pets/dog/english-foxhound/laying.png,
dog,english-foxhound,English Foxhound,belly-up,pets/dog/english-foxhound/belly-up.png,
dog,english-setter,English Setter,sitting,pets/dog/english-setter/sitting.png,
dog,english-setter,English Setter,laying,pets/dog/english-setter/laying.png,
dog,english-setter,English Setter,belly-up,pets/dog/english-setter/belly-up.png,
dog,english-springer-spaniel,English Springer Spaniel,sitting,pets/dog/english-springer-spaniel/sitting.png,
dog,english-springer-spaniel,English Springer Spaniel,laying,pets/dog/english-springer-spaniel/laying.png,
dog,english-springer-spaniel,English Springer Spaniel,belly-up,pets/dog/english-springer-spaniel/belly-up.png,
dog,english-toy-spaniel,English Toy Spaniel,sitting,pets/dog/english-toy-spaniel/sitting.png,
dog,english-toy-spaniel,English Toy Spaniel,laying,pets/dog/english-toy-spaniel/laying.png,
dog,english-toy-spaniel,English Toy Spaniel,belly-up,pets/dog/english-toy-spaniel/belly-up.png,
dog,entlebucher-mountain-dog,Entlebucher Mountain Dog,sitting,pets/dog/entlebucher-mountain-dog/sitting.png,
dog,entlebucher-mountain-dog,Entlebucher Mountain Dog,laying,pets/dog/entlebucher-mountain-dog/laying.png,
dog,entlebucher-mountain-dog,Entlebucher Mountain Dog,belly-up,pets/dog/entlebucher-mountain-dog/belly-up.png,
dog,estrela-mountain-dog,Estrela Mountain Dog,sitting,pets/dog/estrela-mountain-dog/sitting.png,
dog,estrela-mountain-dog,Estrela Mountain Dog,laying,pets/dog/estrela-mountain-dog/laying.png,
dog,estrela-mountain-dog,Estrela Mountain Dog,belly-up,pets/dog/estrela-mountain-dog/belly-up.png,
dog,eurasier,Eurasier,sitting,pets/dog/eurasier/sitting.png,
dog,eurasier,Eurasier,laying,pets/dog/eurasier/laying.png,
dog,eurasier,Eurasier,belly-up,pets/dog/eurasier/belly-up.png,
dog,field-spaniel,Field Spaniel,sitting,pets/dog/field-spaniel/sitting.png,
dog,field-spaniel,Field Spaniel,laying,pets/dog/field-spaniel/laying.png,
dog,field-spaniel,Field Spaniel,belly-up,pets/dog/field-spaniel/belly-up.png,
dog,fila-brasileiro,Fila Brasileiro,sitting,pets/dog/fila-brasileiro/sitting.png,
dog,fila-brasileiro,Fila Brasileiro,laying,pets/dog/fila-brasileiro/laying.png,
dog,fila-brasileiro,Fila Brasileiro,belly-up,pets/dog/fila-brasileiro/belly-up.png,
dog,finnish-lapphund,Finnish Lapphund,sitting,pets/dog/finnish-lapphund/sitting.png,
dog,finnish-lapphund,Finnish Lapphund,laying,pets/dog/finnish-lapphund/laying.png,
dog,finnish-lapphund,Finnish Lapphund,belly-up,pets/dog/finnish-lapphund/belly-up.png,
dog,finnish-spitz,Finnish Spitz,sitting,pets/dog/finnish-spitz/sitting.png,
dog,finnish-spitz,Finnish Spitz,laying,pets/dog/finnish-spitz/laying.png,
dog,finnish-spitz,Finnish Spitz,belly-up,pets/dog/finnish-spitz/belly-up.png,
dog,flat-coated-retriever,Flat-Coated Retriever,sitting,pets/dog/flat-coated-retriever/sitting.png,
dog,flat-coated-retriever,Flat-Coated Retriever,laying,pets/dog/flat-coated-retriever/laying.png,
dog,flat-coated-retriever,Flat-Coated Retriever,belly-up,pets/dog/flat-coated-retriever/belly-up.png,
dog,french-bulldog,French Bulldog,sitting,pets/dog/french-bulldog/sitting.png,YES
dog,french-bulldog,French Bulldog,laying,pets/dog/french-bulldog/laying.png,YES
dog,french-bulldog,French Bulldog,belly-up,pets/dog/french-bulldog/belly-up.png,YES
dog,german-longhaired-pointer,German Longhaired Pointer,sitting,pets/dog/german-longhaired-pointer/sitting.png,
dog,german-longhaired-pointer,German Longhaired Pointer,laying,pets/dog/german-longhaired-pointer/laying.png,
dog,german-longhaired-pointer,German Longhaired Pointer,belly-up,pets/dog/german-longhaired-pointer/belly-up.png,
dog,german-pinscher,German Pinscher,sitting,pets/dog/german-pinscher/sitting.png,
dog,german-pinscher,German Pinscher,laying,pets/dog/german-pinscher/laying.png,
dog,german-pinscher,German Pinscher,belly-up,pets/dog/german-pinscher/belly-up.png,
dog,german-shepherd-dog,German Shepherd Dog,sitting,pets/dog/german-shepherd-dog/sitting.png,
dog,german-shepherd-dog,German Shepherd Dog,laying,pets/dog/german-shepherd-dog/laying.png,
dog,german-shepherd-dog,German Shepherd Dog,belly-up,pets/dog/german-shepherd-dog/belly-up.png,
dog,german-shorthaired-pointer,German Shorthaired Pointer,sitting,pets/dog/german-shorthaired-pointer/sitting.png,
dog,german-shorthaired-pointer,German Shorthaired Pointer,laying,pets/dog/german-shorthaired-pointer/laying.png,
dog,german-shorthaired-pointer,German Shorthaired Pointer,belly-up,pets/dog/german-shorthaired-pointer/belly-up.png,
dog,german-spitz,German Spitz,sitting,pets/dog/german-spitz/sitting.png,
dog,german-spitz,German Spitz,laying,pets/dog/german-spitz/laying.png,
dog,german-spitz,German Spitz,belly-up,pets/dog/german-spitz/belly-up.png,
dog,german-wirehaired-pointer,German Wirehaired Pointer,sitting,pets/dog/german-wirehaired-pointer/sitting.png,
dog,german-wirehaired-pointer,German Wirehaired Pointer,laying,pets/dog/german-wirehaired-pointer/laying.png,
dog,german-wirehaired-pointer,German Wirehaired Pointer,belly-up,pets/dog/german-wirehaired-pointer/belly-up.png,
dog,giant-schnauzer,Giant Schnauzer,sitting,pets/dog/giant-schnauzer/sitting.png,
dog,giant-schnauzer,Giant Schnauzer,laying,pets/dog/giant-schnauzer/laying.png,
dog,giant-schnauzer,Giant Schnauzer,belly-up,pets/dog/giant-schnauzer/belly-up.png,
dog,glen-of-imaal-terrier,Glen of Imaal Terrier,sitting,pets/dog/glen-of-imaal-terrier/sitting.png,
dog,glen-of-imaal-terrier,Glen of Imaal Terrier,laying,pets/dog/glen-of-imaal-terrier/laying.png,
dog,glen-of-imaal-terrier,Glen of Imaal Terrier,belly-up,pets/dog/glen-of-imaal-terrier/belly-up.png,
dog,golden-retriever,Golden Retriever,sitting,pets/dog/golden-retriever/sitting.png,YES
dog,golden-retriever,Golden Retriever,laying,pets/dog/golden-retriever/laying.png,YES
dog,golden-retriever,Golden Retriever,belly-up,pets/dog/golden-retriever/belly-up.png,YES
dog,goldendoodle,Goldendoodle,sitting,pets/dog/goldendoodle/sitting.png,YES
dog,goldendoodle,Goldendoodle,laying,pets/dog/goldendoodle/laying.png,YES
dog,goldendoodle,Goldendoodle,belly-up,pets/dog/goldendoodle/belly-up.png,YES
dog,gordon-setter,Gordon Setter,sitting,pets/dog/gordon-setter/sitting.png,
dog,gordon-setter,Gordon Setter,laying,pets/dog/gordon-setter/laying.png,
dog,gordon-setter,Gordon Setter,belly-up,pets/dog/gordon-setter/belly-up.png,
dog,grand-basset-griffon-vendeen,Grand Basset Griffon Vendeen,sitting,pets/dog/grand-basset-griffon-vendeen/sitting.png,
dog,grand-basset-griffon-vendeen,Grand Basset Griffon Vendeen,laying,pets/dog/grand-basset-griffon-vendeen/laying.png,
dog,grand-basset-griffon-vendeen,Grand Basset Griffon Vendeen,belly-up,pets/dog/grand-basset-griffon-vendeen/belly-up.png,
dog,great-dane,Great Dane,sitting,pets/dog/great-dane/sitting.png,YES
dog,great-dane,Great Dane,laying,pets/dog/great-dane/laying.png,YES
dog,great-dane,Great Dane,belly-up,pets/dog/great-dane/belly-up.png,YES
dog,great-pyrenees,Great Pyrenees,sitting,pets/dog/great-pyrenees/sitting.png,
dog,great-pyrenees,Great Pyrenees,laying,pets/dog/great-pyrenees/laying.png,
dog,great-pyrenees,Great Pyrenees,belly-up,pets/dog/great-pyrenees/belly-up.png,
dog,greater-swiss-mountain-dog,Greater Swiss Mountain Dog,sitting,pets/dog/greater-swiss-mountain-dog/sitting.png,
dog,greater-swiss-mountain-dog,Greater Swiss Mountain Dog,laying,pets/dog/greater-swiss-mountain-dog/laying.png,
dog,greater-swiss-mountain-dog,Greater Swiss Mountain Dog,belly-up,pets/dog/greater-swiss-mountain-dog/belly-up.png,
dog,greenland-dog,Greenland Dog,sitting,pets/dog/greenland-dog/sitting.png,
dog,greenland-dog,Greenland Dog,laying,pets/dog/greenland-dog/laying.png,
dog,greenland-dog,Greenland Dog,belly-up,pets/dog/greenland-dog/belly-up.png,
dog,greyhound,Greyhound,sitting,pets/dog/greyhound/sitting.png,
dog,greyhound,Greyhound,laying,pets/dog/greyhound/laying.png,
dog,greyhound,Greyhound,belly-up,pets/dog/greyhound/belly-up.png,
dog,hamiltonstovare,Hamiltonstovare,sitting,pets/dog/hamiltonstovare/sitting.png,
dog,hamiltonstovare,Hamiltonstovare,laying,pets/dog/hamiltonstovare/laying.png,
dog,hamiltonstovare,Hamiltonstovare,belly-up,pets/dog/hamiltonstovare/belly-up.png,
dog,hanoverian-scenthound,Hanoverian Scenthound,sitting,pets/dog/hanoverian-scenthound/sitting.png,
dog,hanoverian-scenthound,Hanoverian Scenthound,laying,pets/dog/hanoverian-scenthound/laying.png,
dog,hanoverian-scenthound,Hanoverian Scenthound,belly-up,pets/dog/hanoverian-scenthound/belly-up.png,
dog,harrier,Harrier,sitting,pets/dog/harrier/sitting.png,
dog,harrier,Harrier,laying,pets/dog/harrier/laying.png,
dog,harrier,Harrier,belly-up,pets/dog/harrier/belly-up.png,
dog,havanese,Havanese,sitting,pets/dog/havanese/sitting.png,
dog,havanese,Havanese,laying,pets/dog/havanese/laying.png,
dog,havanese,Havanese,belly-up,pets/dog/havanese/belly-up.png,
dog,hokkaido,Hokkaido,sitting,pets/dog/hokkaido/sitting.png,
dog,hokkaido,Hokkaido,laying,pets/dog/hokkaido/laying.png,
dog,hokkaido,Hokkaido,belly-up,pets/dog/hokkaido/belly-up.png,
dog,hovawart,Hovawart,sitting,pets/dog/hovawart/sitting.png,
dog,hovawart,Hovawart,laying,pets/dog/hovawart/laying.png,
dog,hovawart,Hovawart,belly-up,pets/dog/hovawart/belly-up.png,
dog,ibizan-hound,Ibizan Hound,sitting,pets/dog/ibizan-hound/sitting.png,
dog,ibizan-hound,Ibizan Hound,laying,pets/dog/ibizan-hound/laying.png,
dog,ibizan-hound,Ibizan Hound,belly-up,pets/dog/ibizan-hound/belly-up.png,
dog,icelandic-sheepdog,Icelandic Sheepdog,sitting,pets/dog/icelandic-sheepdog/sitting.png,
dog,icelandic-sheepdog,Icelandic Sheepdog,laying,pets/dog/icelandic-sheepdog/laying.png,
dog,icelandic-sheepdog,Icelandic Sheepdog,belly-up,pets/dog/icelandic-sheepdog/belly-up.png,
dog,irish-red-and-white-setter,Irish Red and White Setter,sitting,pets/dog/irish-red-and-white-setter/sitting.png,
dog,irish-red-and-white-setter,Irish Red and White Setter,laying,pets/dog/irish-red-and-white-setter/laying.png,
dog,irish-red-and-white-setter,Irish Red and White Setter,belly-up,pets/dog/irish-red-and-white-setter/belly-up.png,
dog,irish-setter,Irish Setter,sitting,pets/dog/irish-setter/sitting.png,
dog,irish-setter,Irish Setter,laying,pets/dog/irish-setter/laying.png,
dog,irish-setter,Irish Setter,belly-up,pets/dog/irish-setter/belly-up.png,
dog,irish-terrier,Irish Terrier,sitting,pets/dog/irish-terrier/sitting.png,
dog,irish-terrier,Irish Terrier,laying,pets/dog/irish-terrier/laying.png,
dog,irish-terrier,Irish Terrier,belly-up,pets/dog/irish-terrier/belly-up.png,
dog,irish-water-spaniel,Irish Water Spaniel,sitting,pets/dog/irish-water-spaniel/sitting.png,
dog,irish-water-spaniel,Irish Water Spaniel,laying,pets/dog/irish-water-spaniel/laying.png,
dog,irish-water-spaniel,Irish Water Spaniel,belly-up,pets/dog/irish-water-spaniel/belly-up.png,
dog,irish-wolfhound,Irish Wolfhound,sitting,pets/dog/irish-wolfhound/sitting.png,
dog,irish-wolfhound,Irish Wolfhound,laying,pets/dog/irish-wolfhound/laying.png,
dog,irish-wolfhound,Irish Wolfhound,belly-up,pets/dog/irish-wolfhound/belly-up.png,
dog,italian-greyhound,Italian Greyhound,sitting,pets/dog/italian-greyhound/sitting.png,
dog,italian-greyhound,Italian Greyhound,laying,pets/dog/italian-greyhound/laying.png,
dog,italian-greyhound,Italian Greyhound,belly-up,pets/dog/italian-greyhound/belly-up.png,
dog,jack-russell-terrier,Jack Russell Terrier,sitting,pets/dog/jack-russell-terrier/sitting.png,
dog,jack-russell-terrier,Jack Russell Terrier,laying,pets/dog/jack-russell-terrier/laying.png,
dog,jack-russell-terrier,Jack Russell Terrier,belly-up,pets/dog/jack-russell-terrier/belly-up.png,
dog,jagdterrier,Jagdterrier,sitting,pets/dog/jagdterrier/sitting.png,
dog,jagdterrier,Jagdterrier,laying,pets/dog/jagdterrier/laying.png,
dog,jagdterrier,Jagdterrier,belly-up,pets/dog/jagdterrier/belly-up.png,
dog,japanese-chin,Japanese Chin,sitting,pets/dog/japanese-chin/sitting.png,
dog,japanese-chin,Japanese Chin,laying,pets/dog/japanese-chin/laying.png,
dog,japanese-chin,Japanese Chin,belly-up,pets/dog/japanese-chin/belly-up.png,
dog,japanese-spitz,Japanese Spitz,sitting,pets/dog/japanese-spitz/sitting.png,
dog,japanese-spitz,Japanese Spitz,laying,pets/dog/japanese-spitz/laying.png,
dog,japanese-spitz,Japanese Spitz,belly-up,pets/dog/japanese-spitz/belly-up.png,
dog,kai-ken,Kai Ken,sitting,pets/dog/kai-ken/sitting.png,
dog,kai-ken,Kai Ken,laying,pets/dog/kai-ken/laying.png,
dog,kai-ken,Kai Ken,belly-up,pets/dog/kai-ken/belly-up.png,
dog,kangal-shepherd-dog,Kangal Shepherd Dog,sitting,pets/dog/kangal-shepherd-dog/sitting.png,
dog,kangal-shepherd-dog,Kangal Shepherd Dog,laying,pets/dog/kangal-shepherd-dog/laying.png,
dog,kangal-shepherd-dog,Kangal Shepherd Dog,belly-up,pets/dog/kangal-shepherd-dog/belly-up.png,
dog,karelian-bear-dog,Karelian Bear Dog,sitting,pets/dog/karelian-bear-dog/sitting.png,
dog,karelian-bear-dog,Karelian Bear Dog,laying,pets/dog/karelian-bear-dog/laying.png,
dog,karelian-bear-dog,Karelian Bear Dog,belly-up,pets/dog/karelian-bear-dog/belly-up.png,
dog,keeshond,Keeshond,sitting,pets/dog/keeshond/sitting.png,
dog,keeshond,Keeshond,laying,pets/dog/keeshond/laying.png,
dog,keeshond,Keeshond,belly-up,pets/dog/keeshond/belly-up.png,
dog,kerry-blue-terrier,Kerry Blue Terrier,sitting,pets/dog/kerry-blue-terrier/sitting.png,
dog,kerry-blue-terrier,Kerry Blue Terrier,laying,pets/dog/kerry-blue-terrier/laying.png,
dog,kerry-blue-terrier,Kerry Blue Terrier,belly-up,pets/dog/kerry-blue-terrier/belly-up.png,
dog,kishu-ken,Kishu Ken,sitting,pets/dog/kishu-ken/sitting.png,
dog,kishu-ken,Kishu Ken,laying,pets/dog/kishu-ken/laying.png,
dog,kishu-ken,Kishu Ken,belly-up,pets/dog/kishu-ken/belly-up.png,
dog,komondor,Komondor,sitting,pets/dog/komondor/sitting.png,
dog,komondor,Komondor,laying,pets/dog/komondor/laying.png,
dog,komondor,Komondor,belly-up,pets/dog/komondor/belly-up.png,
dog,kooikerhondje,Kooikerhondje,sitting,pets/dog/kooikerhondje/sitting.png,
dog,kooikerhondje,Kooikerhondje,laying,pets/dog/kooikerhondje/laying.png,
dog,kooikerhondje,Kooikerhondje,belly-up,pets/dog/kooikerhondje/belly-up.png,
dog,korean-jindo,Korean Jindo,sitting,pets/dog/korean-jindo/sitting.png,
dog,korean-jindo,Korean Jindo,laying,pets/dog/korean-jindo/laying.png,
dog,korean-jindo,Korean Jindo,belly-up,pets/dog/korean-jindo/belly-up.png,
dog,kuvasz,Kuvasz,sitting,pets/dog/kuvasz/sitting.png,
dog,kuvasz,Kuvasz,laying,pets/dog/kuvasz/laying.png,
dog,kuvasz,Kuvasz,belly-up,pets/dog/kuvasz/belly-up.png,
dog,labradoodle,Labradoodle,sitting,pets/dog/labradoodle/sitting.png,YES
dog,labradoodle,Labradoodle,laying,pets/dog/labradoodle/laying.png,YES
dog,labradoodle,Labradoodle,belly-up,pets/dog/labradoodle/belly-up.png,YES
dog,labrador-retriever,Labrador Retriever,sitting,pets/dog/labrador-retriever/sitting.png,YES
dog,labrador-retriever,Labrador Retriever,laying,pets/dog/labrador-retriever/laying.png,YES
dog,labrador-retriever,Labrador Retriever,belly-up,pets/dog/labrador-retriever/belly-up.png,YES
dog,lagotto-romagnolo,Lagotto Romagnolo,sitting,pets/dog/lagotto-romagnolo/sitting.png,
dog,lagotto-romagnolo,Lagotto Romagnolo,laying,pets/dog/lagotto-romagnolo/laying.png,
dog,lagotto-romagnolo,Lagotto Romagnolo,belly-up,pets/dog/lagotto-romagnolo/belly-up.png,
dog,lakeland-terrier,Lakeland Terrier,sitting,pets/dog/lakeland-terrier/sitting.png,
dog,lakeland-terrier,Lakeland Terrier,laying,pets/dog/lakeland-terrier/laying.png,
dog,lakeland-terrier,Lakeland Terrier,belly-up,pets/dog/lakeland-terrier/belly-up.png,
dog,lancashire-heeler,Lancashire Heeler,sitting,pets/dog/lancashire-heeler/sitting.png,
dog,lancashire-heeler,Lancashire Heeler,laying,pets/dog/lancashire-heeler/laying.png,
dog,lancashire-heeler,Lancashire Heeler,belly-up,pets/dog/lancashire-heeler/belly-up.png,
dog,lapponian-herder,Lapponian Herder,sitting,pets/dog/lapponian-herder/sitting.png,
dog,lapponian-herder,Lapponian Herder,laying,pets/dog/lapponian-herder/laying.png,
dog,lapponian-herder,Lapponian Herder,belly-up,pets/dog/lapponian-herder/belly-up.png,
dog,leonberger,Leonberger,sitting,pets/dog/leonberger/sitting.png,
dog,leonberger,Leonberger,laying,pets/dog/leonberger/laying.png,
dog,leonberger,Leonberger,belly-up,pets/dog/leonberger/belly-up.png,
dog,lhasa-apso,Lhasa Apso,sitting,pets/dog/lhasa-apso/sitting.png,
dog,lhasa-apso,Lhasa Apso,laying,pets/dog/lhasa-apso/laying.png,
dog,lhasa-apso,Lhasa Apso,belly-up,pets/dog/lhasa-apso/belly-up.png,
dog,lowchen,Lowchen,sitting,pets/dog/lowchen/sitting.png,
dog,lowchen,Lowchen,laying,pets/dog/lowchen/laying.png,
dog,lowchen,Lowchen,belly-up,pets/dog/lowchen/belly-up.png,
dog,maltese,Maltese,sitting,pets/dog/maltese/sitting.png,YES
dog,maltese,Maltese,laying,pets/dog/maltese/laying.png,YES
dog,maltese,Maltese,belly-up,pets/dog/maltese/belly-up.png,YES
dog,maltipoo,Maltipoo,sitting,pets/dog/maltipoo/sitting.png,
dog,maltipoo,Maltipoo,laying,pets/dog/maltipoo/laying.png,
dog,maltipoo,Maltipoo,belly-up,pets/dog/maltipoo/belly-up.png,
dog,manchester-terrier,Manchester Terrier,sitting,pets/dog/manchester-terrier/sitting.png,
dog,manchester-terrier,Manchester Terrier,laying,pets/dog/manchester-terrier/laying.png,
dog,manchester-terrier,Manchester Terrier,belly-up,pets/dog/manchester-terrier/belly-up.png,
dog,maremma-sheepdog,Maremma Sheepdog,sitting,pets/dog/maremma-sheepdog/sitting.png,
dog,maremma-sheepdog,Maremma Sheepdog,laying,pets/dog/maremma-sheepdog/laying.png,
dog,maremma-sheepdog,Maremma Sheepdog,belly-up,pets/dog/maremma-sheepdog/belly-up.png,
dog,mastiff,Mastiff (English),sitting,pets/dog/mastiff/sitting.png,
dog,mastiff,Mastiff (English),laying,pets/dog/mastiff/laying.png,
dog,mastiff,Mastiff (English),belly-up,pets/dog/mastiff/belly-up.png,
dog,miniature-american-shepherd,Miniature American Shepherd,sitting,pets/dog/miniature-american-shepherd/sitting.png,
dog,miniature-american-shepherd,Miniature American Shepherd,laying,pets/dog/miniature-american-shepherd/laying.png,
dog,miniature-american-shepherd,Miniature American Shepherd,belly-up,pets/dog/miniature-american-shepherd/belly-up.png,
dog,miniature-bull-terrier,Miniature Bull Terrier,sitting,pets/dog/miniature-bull-terrier/sitting.png,
dog,miniature-bull-terrier,Miniature Bull Terrier,laying,pets/dog/miniature-bull-terrier/laying.png,
dog,miniature-bull-terrier,Miniature Bull Terrier,belly-up,pets/dog/miniature-bull-terrier/belly-up.png,
dog,miniature-pinscher,Miniature Pinscher,sitting,pets/dog/miniature-pinscher/sitting.png,
dog,miniature-pinscher,Miniature Pinscher,laying,pets/dog/miniature-pinscher/laying.png,
dog,miniature-pinscher,Miniature Pinscher,belly-up,pets/dog/miniature-pinscher/belly-up.png,
dog,miniature-schnauzer,Miniature Schnauzer,sitting,pets/dog/miniature-schnauzer/sitting.png,
dog,miniature-schnauzer,Miniature Schnauzer,laying,pets/dog/miniature-schnauzer/laying.png,
dog,miniature-schnauzer,Miniature Schnauzer,belly-up,pets/dog/miniature-schnauzer/belly-up.png,
dog,mountain-cur,Mountain Cur,sitting,pets/dog/mountain-cur/sitting.png,
dog,mountain-cur,Mountain Cur,laying,pets/dog/mountain-cur/laying.png,
dog,mountain-cur,Mountain Cur,belly-up,pets/dog/mountain-cur/belly-up.png,
dog,mudi,Mudi,sitting,pets/dog/mudi/sitting.png,
dog,mudi,Mudi,laying,pets/dog/mudi/laying.png,
dog,mudi,Mudi,belly-up,pets/dog/mudi/belly-up.png,
dog,neapolitan-mastiff,Neapolitan Mastiff,sitting,pets/dog/neapolitan-mastiff/sitting.png,
dog,neapolitan-mastiff,Neapolitan Mastiff,laying,pets/dog/neapolitan-mastiff/laying.png,
dog,neapolitan-mastiff,Neapolitan Mastiff,belly-up,pets/dog/neapolitan-mastiff/belly-up.png,
dog,newfoundland,Newfoundland,sitting,pets/dog/newfoundland/sitting.png,
dog,newfoundland,Newfoundland,laying,pets/dog/newfoundland/laying.png,
dog,newfoundland,Newfoundland,belly-up,pets/dog/newfoundland/belly-up.png,
dog,norfolk-terrier,Norfolk Terrier,sitting,pets/dog/norfolk-terrier/sitting.png,
dog,norfolk-terrier,Norfolk Terrier,laying,pets/dog/norfolk-terrier/laying.png,
dog,norfolk-terrier,Norfolk Terrier,belly-up,pets/dog/norfolk-terrier/belly-up.png,
dog,norrbottenspets,Norrbottenspets,sitting,pets/dog/norrbottenspets/sitting.png,
dog,norrbottenspets,Norrbottenspets,laying,pets/dog/norrbottenspets/laying.png,
dog,norrbottenspets,Norrbottenspets,belly-up,pets/dog/norrbottenspets/belly-up.png,
dog,norwegian-buhund,Norwegian Buhund,sitting,pets/dog/norwegian-buhund/sitting.png,
dog,norwegian-buhund,Norwegian Buhund,laying,pets/dog/norwegian-buhund/laying.png,
dog,norwegian-buhund,Norwegian Buhund,belly-up,pets/dog/norwegian-buhund/belly-up.png,
dog,norwegian-elkhound,Norwegian Elkhound,sitting,pets/dog/norwegian-elkhound/sitting.png,
dog,norwegian-elkhound,Norwegian Elkhound,laying,pets/dog/norwegian-elkhound/laying.png,
dog,norwegian-elkhound,Norwegian Elkhound,belly-up,pets/dog/norwegian-elkhound/belly-up.png,
dog,norwegian-lundehund,Norwegian Lundehund,sitting,pets/dog/norwegian-lundehund/sitting.png,
dog,norwegian-lundehund,Norwegian Lundehund,laying,pets/dog/norwegian-lundehund/laying.png,
dog,norwegian-lundehund,Norwegian Lundehund,belly-up,pets/dog/norwegian-lundehund/belly-up.png,
dog,norwich-terrier,Norwich Terrier,sitting,pets/dog/norwich-terrier/sitting.png,
dog,norwich-terrier,Norwich Terrier,laying,pets/dog/norwich-terrier/laying.png,
dog,norwich-terrier,Norwich Terrier,belly-up,pets/dog/norwich-terrier/belly-up.png,
dog,nova-scotia-duck-tolling-retriever,Nova Scotia Duck Tolling Retriever,sitting,pets/dog/nova-scotia-duck-tolling-retriever/sitting.png,
dog,nova-scotia-duck-tolling-retriever,Nova Scotia Duck Tolling Retriever,laying,pets/dog/nova-scotia-duck-tolling-retriever/laying.png,
dog,nova-scotia-duck-tolling-retriever,Nova Scotia Duck Tolling Retriever,belly-up,pets/dog/nova-scotia-duck-tolling-retriever/belly-up.png,
dog,old-english-sheepdog,Old English Sheepdog,sitting,pets/dog/old-english-sheepdog/sitting.png,
dog,old-english-sheepdog,Old English Sheepdog,laying,pets/dog/old-english-sheepdog/laying.png,
dog,old-english-sheepdog,Old English Sheepdog,belly-up,pets/dog/old-english-sheepdog/belly-up.png,
dog,otterhound,Otterhound,sitting,pets/dog/otterhound/sitting.png,
dog,otterhound,Otterhound,laying,pets/dog/otterhound/laying.png,
dog,otterhound,Otterhound,belly-up,pets/dog/otterhound/belly-up.png,
dog,papillon,Papillon,sitting,pets/dog/papillon/sitting.png,
dog,papillon,Papillon,laying,pets/dog/papillon/laying.png,
dog,papillon,Papillon,belly-up,pets/dog/papillon/belly-up.png,
dog,parson-russell-terrier,Parson Russell Terrier,sitting,pets/dog/parson-russell-terrier/sitting.png,
dog,parson-russell-terrier,Parson Russell Terrier,laying,pets/dog/parson-russell-terrier/laying.png,
dog,parson-russell-terrier,Parson Russell Terrier,belly-up,pets/dog/parson-russell-terrier/belly-up.png,
dog,patterdale-terrier,Patterdale Terrier,sitting,pets/dog/patterdale-terrier/sitting.png,
dog,patterdale-terrier,Patterdale Terrier,laying,pets/dog/patterdale-terrier/laying.png,
dog,patterdale-terrier,Patterdale Terrier,belly-up,pets/dog/patterdale-terrier/belly-up.png,
dog,pekingese,Pekingese,sitting,pets/dog/pekingese/sitting.png,
dog,pekingese,Pekingese,laying,pets/dog/pekingese/laying.png,
dog,pekingese,Pekingese,belly-up,pets/dog/pekingese/belly-up.png,
dog,pembroke-welsh-corgi,Pembroke Welsh Corgi,sitting,pets/dog/pembroke-welsh-corgi/sitting.png,YES
dog,pembroke-welsh-corgi,Pembroke Welsh Corgi,laying,pets/dog/pembroke-welsh-corgi/laying.png,YES
dog,pembroke-welsh-corgi,Pembroke Welsh Corgi,belly-up,pets/dog/pembroke-welsh-corgi/belly-up.png,YES
dog,perro-de-presa-canario,Perro de Presa Canario,sitting,pets/dog/perro-de-presa-canario/sitting.png,
dog,perro-de-presa-canario,Perro de Presa Canario,laying,pets/dog/perro-de-presa-canario/laying.png,
dog,perro-de-presa-canario,Perro de Presa Canario,belly-up,pets/dog/perro-de-presa-canario/belly-up.png,
dog,peruvian-inca-orchid,Peruvian Inca Orchid,sitting,pets/dog/peruvian-inca-orchid/sitting.png,
dog,peruvian-inca-orchid,Peruvian Inca Orchid,laying,pets/dog/peruvian-inca-orchid/laying.png,
dog,peruvian-inca-orchid,Peruvian Inca Orchid,belly-up,pets/dog/peruvian-inca-orchid/belly-up.png,
dog,petit-basset-griffon-vendeen,Petit Basset Griffon Vendeen,sitting,pets/dog/petit-basset-griffon-vendeen/sitting.png,
dog,petit-basset-griffon-vendeen,Petit Basset Griffon Vendeen,laying,pets/dog/petit-basset-griffon-vendeen/laying.png,
dog,petit-basset-griffon-vendeen,Petit Basset Griffon Vendeen,belly-up,pets/dog/petit-basset-griffon-vendeen/belly-up.png,
dog,pharaoh-hound,Pharaoh Hound,sitting,pets/dog/pharaoh-hound/sitting.png,
dog,pharaoh-hound,Pharaoh Hound,laying,pets/dog/pharaoh-hound/laying.png,
dog,pharaoh-hound,Pharaoh Hound,belly-up,pets/dog/pharaoh-hound/belly-up.png,
dog,plott-hound,Plott Hound,sitting,pets/dog/plott-hound/sitting.png,
dog,plott-hound,Plott Hound,laying,pets/dog/plott-hound/laying.png,
dog,plott-hound,Plott Hound,belly-up,pets/dog/plott-hound/belly-up.png,
dog,pointer,Pointer,sitting,pets/dog/pointer/sitting.png,
dog,pointer,Pointer,laying,pets/dog/pointer/laying.png,
dog,pointer,Pointer,belly-up,pets/dog/pointer/belly-up.png,
dog,polish-lowland-sheepdog,Polish Lowland Sheepdog,sitting,pets/dog/polish-lowland-sheepdog/sitting.png,
dog,polish-lowland-sheepdog,Polish Lowland Sheepdog,laying,pets/dog/polish-lowland-sheepdog/laying.png,
dog,polish-lowland-sheepdog,Polish Lowland Sheepdog,belly-up,pets/dog/polish-lowland-sheepdog/belly-up.png,
dog,pomeranian,Pomeranian,sitting,pets/dog/pomeranian/sitting.png,YES
dog,pomeranian,Pomeranian,laying,pets/dog/pomeranian/laying.png,YES
dog,pomeranian,Pomeranian,belly-up,pets/dog/pomeranian/belly-up.png,YES
dog,pomsky,Pomsky,sitting,pets/dog/pomsky/sitting.png,
dog,pomsky,Pomsky,laying,pets/dog/pomsky/laying.png,
dog,pomsky,Pomsky,belly-up,pets/dog/pomsky/belly-up.png,
dog,poodle-miniature,Poodle (Miniature),sitting,pets/dog/poodle-miniature/sitting.png,YES
dog,poodle-miniature,Poodle (Miniature),laying,pets/dog/poodle-miniature/laying.png,YES
dog,poodle-miniature,Poodle (Miniature),belly-up,pets/dog/poodle-miniature/belly-up.png,YES
dog,poodle-standard,Poodle (Standard),sitting,pets/dog/poodle-standard/sitting.png,YES
dog,poodle-standard,Poodle (Standard),laying,pets/dog/poodle-standard/laying.png,YES
dog,poodle-standard,Poodle (Standard),belly-up,pets/dog/poodle-standard/belly-up.png,YES
dog,poodle-toy,Poodle (Toy),sitting,pets/dog/poodle-toy/sitting.png,
dog,poodle-toy,Poodle (Toy),laying,pets/dog/poodle-toy/laying.png,
dog,poodle-toy,Poodle (Toy),belly-up,pets/dog/poodle-toy/belly-up.png,
dog,porcelaine,Porcelaine,sitting,pets/dog/porcelaine/sitting.png,
dog,porcelaine,Porcelaine,laying,pets/dog/porcelaine/laying.png,
dog,porcelaine,Porcelaine,belly-up,pets/dog/porcelaine/belly-up.png,
dog,portuguese-podengo,Portuguese Podengo,sitting,pets/dog/portuguese-podengo/sitting.png,
dog,portuguese-podengo,Portuguese Podengo,laying,pets/dog/portuguese-podengo/laying.png,
dog,portuguese-podengo,Portuguese Podengo,belly-up,pets/dog/portuguese-podengo/belly-up.png,
dog,portuguese-water-dog,Portuguese Water Dog,sitting,pets/dog/portuguese-water-dog/sitting.png,
dog,portuguese-water-dog,Portuguese Water Dog,laying,pets/dog/portuguese-water-dog/laying.png,
dog,portuguese-water-dog,Portuguese Water Dog,belly-up,pets/dog/portuguese-water-dog/belly-up.png,
dog,pudelpointer,Pudelpointer,sitting,pets/dog/pudelpointer/sitting.png,
dog,pudelpointer,Pudelpointer,laying,pets/dog/pudelpointer/laying.png,
dog,pudelpointer,Pudelpointer,belly-up,pets/dog/pudelpointer/belly-up.png,
dog,pug,Pug,sitting,pets/dog/pug/sitting.png,
dog,pug,Pug,laying,pets/dog/pug/laying.png,
dog,pug,Pug,belly-up,pets/dog/pug/belly-up.png,
dog,puggle,Puggle,sitting,pets/dog/puggle/sitting.png,
dog,puggle,Puggle,laying,pets/dog/puggle/laying.png,
dog,puggle,Puggle,belly-up,pets/dog/puggle/belly-up.png,
dog,puli,Puli,sitting,pets/dog/puli/sitting.png,
dog,puli,Puli,laying,pets/dog/puli/laying.png,
dog,puli,Puli,belly-up,pets/dog/puli/belly-up.png,
dog,pumi,Pumi,sitting,pets/dog/pumi/sitting.png,
dog,pumi,Pumi,laying,pets/dog/pumi/laying.png,
dog,pumi,Pumi,belly-up,pets/dog/pumi/belly-up.png,
dog,pyrenean-mastiff,Pyrenean Mastiff,sitting,pets/dog/pyrenean-mastiff/sitting.png,
dog,pyrenean-mastiff,Pyrenean Mastiff,laying,pets/dog/pyrenean-mastiff/laying.png,
dog,pyrenean-mastiff,Pyrenean Mastiff,belly-up,pets/dog/pyrenean-mastiff/belly-up.png,
dog,pyrenean-shepherd,Pyrenean Shepherd,sitting,pets/dog/pyrenean-shepherd/sitting.png,
dog,pyrenean-shepherd,Pyrenean Shepherd,laying,pets/dog/pyrenean-shepherd/laying.png,
dog,pyrenean-shepherd,Pyrenean Shepherd,belly-up,pets/dog/pyrenean-shepherd/belly-up.png,
dog,rat-terrier,Rat Terrier,sitting,pets/dog/rat-terrier/sitting.png,
dog,rat-terrier,Rat Terrier,laying,pets/dog/rat-terrier/laying.png,
dog,rat-terrier,Rat Terrier,belly-up,pets/dog/rat-terrier/belly-up.png,
dog,redbone-coonhound,Redbone Coonhound,sitting,pets/dog/redbone-coonhound/sitting.png,
dog,redbone-coonhound,Redbone Coonhound,laying,pets/dog/redbone-coonhound/laying.png,
dog,redbone-coonhound,Redbone Coonhound,belly-up,pets/dog/redbone-coonhound/belly-up.png,
dog,rhodesian-ridgeback,Rhodesian Ridgeback,sitting,pets/dog/rhodesian-ridgeback/sitting.png,
dog,rhodesian-ridgeback,Rhodesian Ridgeback,laying,pets/dog/rhodesian-ridgeback/laying.png,
dog,rhodesian-ridgeback,Rhodesian Ridgeback,belly-up,pets/dog/rhodesian-ridgeback/belly-up.png,
dog,rottweiler,Rottweiler,sitting,pets/dog/rottweiler/sitting.png,YES
dog,rottweiler,Rottweiler,laying,pets/dog/rottweiler/laying.png,YES
dog,rottweiler,Rottweiler,belly-up,pets/dog/rottweiler/belly-up.png,YES
dog,russian-toy,Russian Toy,sitting,pets/dog/russian-toy/sitting.png,
dog,russian-toy,Russian Toy,laying,pets/dog/russian-toy/laying.png,
dog,russian-toy,Russian Toy,belly-up,pets/dog/russian-toy/belly-up.png,
dog,saint-bernard,Saint Bernard,sitting,pets/dog/saint-bernard/sitting.png,
dog,saint-bernard,Saint Bernard,laying,pets/dog/saint-bernard/laying.png,
dog,saint-bernard,Saint Bernard,belly-up,pets/dog/saint-bernard/belly-up.png,
dog,saluki,Saluki,sitting,pets/dog/saluki/sitting.png,
dog,saluki,Saluki,laying,pets/dog/saluki/laying.png,
dog,saluki,Saluki,belly-up,pets/dog/saluki/belly-up.png,
dog,samoyed,Samoyed,sitting,pets/dog/samoyed/sitting.png,
dog,samoyed,Samoyed,laying,pets/dog/samoyed/laying.png,
dog,samoyed,Samoyed,belly-up,pets/dog/samoyed/belly-up.png,
dog,schapendoes,Schapendoes,sitting,pets/dog/schapendoes/sitting.png,
dog,schapendoes,Schapendoes,laying,pets/dog/schapendoes/laying.png,
dog,schapendoes,Schapendoes,belly-up,pets/dog/schapendoes/belly-up.png,
dog,schipperke,Schipperke,sitting,pets/dog/schipperke/sitting.png,
dog,schipperke,Schipperke,laying,pets/dog/schipperke/laying.png,
dog,schipperke,Schipperke,belly-up,pets/dog/schipperke/belly-up.png,
dog,schnoodle,Schnoodle,sitting,pets/dog/schnoodle/sitting.png,
dog,schnoodle,Schnoodle,laying,pets/dog/schnoodle/laying.png,
dog,schnoodle,Schnoodle,belly-up,pets/dog/schnoodle/belly-up.png,
dog,scottish-deerhound,Scottish Deerhound,sitting,pets/dog/scottish-deerhound/sitting.png,
dog,scottish-deerhound,Scottish Deerhound,laying,pets/dog/scottish-deerhound/laying.png,
dog,scottish-deerhound,Scottish Deerhound,belly-up,pets/dog/scottish-deerhound/belly-up.png,
dog,scottish-terrier,Scottish Terrier,sitting,pets/dog/scottish-terrier/sitting.png,
dog,scottish-terrier,Scottish Terrier,laying,pets/dog/scottish-terrier/laying.png,
dog,scottish-terrier,Scottish Terrier,belly-up,pets/dog/scottish-terrier/belly-up.png,
dog,sealyham-terrier,Sealyham Terrier,sitting,pets/dog/sealyham-terrier/sitting.png,
dog,sealyham-terrier,Sealyham Terrier,laying,pets/dog/sealyham-terrier/laying.png,
dog,sealyham-terrier,Sealyham Terrier,belly-up,pets/dog/sealyham-terrier/belly-up.png,
dog,segugio-italiano,Segugio Italiano,sitting,pets/dog/segugio-italiano/sitting.png,
dog,segugio-italiano,Segugio Italiano,laying,pets/dog/segugio-italiano/laying.png,
dog,segugio-italiano,Segugio Italiano,belly-up,pets/dog/segugio-italiano/belly-up.png,
dog,sheepadoodle,Sheepadoodle,sitting,pets/dog/sheepadoodle/sitting.png,
dog,sheepadoodle,Sheepadoodle,laying,pets/dog/sheepadoodle/laying.png,
dog,sheepadoodle,Sheepadoodle,belly-up,pets/dog/sheepadoodle/belly-up.png,
dog,shetland-sheepdog,Shetland Sheepdog,sitting,pets/dog/shetland-sheepdog/sitting.png,
dog,shetland-sheepdog,Shetland Sheepdog,laying,pets/dog/shetland-sheepdog/laying.png,
dog,shetland-sheepdog,Shetland Sheepdog,belly-up,pets/dog/shetland-sheepdog/belly-up.png,
dog,shiba-inu,Shiba Inu,sitting,pets/dog/shiba-inu/sitting.png,YES
dog,shiba-inu,Shiba Inu,laying,pets/dog/shiba-inu/laying.png,YES
dog,shiba-inu,Shiba Inu,belly-up,pets/dog/shiba-inu/belly-up.png,YES
dog,shih-tzu,Shih Tzu,sitting,pets/dog/shih-tzu/sitting.png,YES
dog,shih-tzu,Shih Tzu,laying,pets/dog/shih-tzu/laying.png,YES
dog,shih-tzu,Shih Tzu,belly-up,pets/dog/shih-tzu/belly-up.png,YES
dog,shikoku,Shikoku,sitting,pets/dog/shikoku/sitting.png,
dog,shikoku,Shikoku,laying,pets/dog/shikoku/laying.png,
dog,shikoku,Shikoku,belly-up,pets/dog/shikoku/belly-up.png,
dog,siberian-husky,Siberian Husky,sitting,pets/dog/siberian-husky/sitting.png,YES
dog,siberian-husky,Siberian Husky,laying,pets/dog/siberian-husky/laying.png,YES
dog,siberian-husky,Siberian Husky,belly-up,pets/dog/siberian-husky/belly-up.png,YES
dog,silky-terrier,Silky Terrier,sitting,pets/dog/silky-terrier/sitting.png,
dog,silky-terrier,Silky Terrier,laying,pets/dog/silky-terrier/laying.png,
dog,silky-terrier,Silky Terrier,belly-up,pets/dog/silky-terrier/belly-up.png,
dog,skye-terrier,Skye Terrier,sitting,pets/dog/skye-terrier/sitting.png,
dog,skye-terrier,Skye Terrier,laying,pets/dog/skye-terrier/laying.png,
dog,skye-terrier,Skye Terrier,belly-up,pets/dog/skye-terrier/belly-up.png,
dog,sloughi,Sloughi,sitting,pets/dog/sloughi/sitting.png,
dog,sloughi,Sloughi,laying,pets/dog/sloughi/laying.png,
dog,sloughi,Sloughi,belly-up,pets/dog/sloughi/belly-up.png,
dog,small-munsterlander,Small Munsterlander,sitting,pets/dog/small-munsterlander/sitting.png,
dog,small-munsterlander,Small Munsterlander,laying,pets/dog/small-munsterlander/laying.png,
dog,small-munsterlander,Small Munsterlander,belly-up,pets/dog/small-munsterlander/belly-up.png,
dog,smooth-fox-terrier,Smooth Fox Terrier,sitting,pets/dog/smooth-fox-terrier/sitting.png,
dog,smooth-fox-terrier,Smooth Fox Terrier,laying,pets/dog/smooth-fox-terrier/laying.png,
dog,smooth-fox-terrier,Smooth Fox Terrier,belly-up,pets/dog/smooth-fox-terrier/belly-up.png,
dog,soft-coated-wheaten-terrier,Soft Coated Wheaten Terrier,sitting,pets/dog/soft-coated-wheaten-terrier/sitting.png,
dog,soft-coated-wheaten-terrier,Soft Coated Wheaten Terrier,laying,pets/dog/soft-coated-wheaten-terrier/laying.png,
dog,soft-coated-wheaten-terrier,Soft Coated Wheaten Terrier,belly-up,pets/dog/soft-coated-wheaten-terrier/belly-up.png,
dog,spanish-mastiff,Spanish Mastiff,sitting,pets/dog/spanish-mastiff/sitting.png,
dog,spanish-mastiff,Spanish Mastiff,laying,pets/dog/spanish-mastiff/laying.png,
dog,spanish-mastiff,Spanish Mastiff,belly-up,pets/dog/spanish-mastiff/belly-up.png,
dog,spanish-water-dog,Spanish Water Dog,sitting,pets/dog/spanish-water-dog/sitting.png,
dog,spanish-water-dog,Spanish Water Dog,laying,pets/dog/spanish-water-dog/laying.png,
dog,spanish-water-dog,Spanish Water Dog,belly-up,pets/dog/spanish-water-dog/belly-up.png,
dog,spinone-italiano,Spinone Italiano,sitting,pets/dog/spinone-italiano/sitting.png,
dog,spinone-italiano,Spinone Italiano,laying,pets/dog/spinone-italiano/laying.png,
dog,spinone-italiano,Spinone Italiano,belly-up,pets/dog/spinone-italiano/belly-up.png,
dog,stabyhoun,Stabyhoun,sitting,pets/dog/stabyhoun/sitting.png,
dog,stabyhoun,Stabyhoun,laying,pets/dog/stabyhoun/laying.png,
dog,stabyhoun,Stabyhoun,belly-up,pets/dog/stabyhoun/belly-up.png,
dog,staffordshire-bull-terrier,Staffordshire Bull Terrier,sitting,pets/dog/staffordshire-bull-terrier/sitting.png,
dog,staffordshire-bull-terrier,Staffordshire Bull Terrier,laying,pets/dog/staffordshire-bull-terrier/laying.png,
dog,staffordshire-bull-terrier,Staffordshire Bull Terrier,belly-up,pets/dog/staffordshire-bull-terrier/belly-up.png,
dog,standard-schnauzer,Standard Schnauzer,sitting,pets/dog/standard-schnauzer/sitting.png,
dog,standard-schnauzer,Standard Schnauzer,laying,pets/dog/standard-schnauzer/laying.png,
dog,standard-schnauzer,Standard Schnauzer,belly-up,pets/dog/standard-schnauzer/belly-up.png,
dog,sussex-spaniel,Sussex Spaniel,sitting,pets/dog/sussex-spaniel/sitting.png,
dog,sussex-spaniel,Sussex Spaniel,laying,pets/dog/sussex-spaniel/laying.png,
dog,sussex-spaniel,Sussex Spaniel,belly-up,pets/dog/sussex-spaniel/belly-up.png,
dog,swedish-lapphund,Swedish Lapphund,sitting,pets/dog/swedish-lapphund/sitting.png,
dog,swedish-lapphund,Swedish Lapphund,laying,pets/dog/swedish-lapphund/laying.png,
dog,swedish-lapphund,Swedish Lapphund,belly-up,pets/dog/swedish-lapphund/belly-up.png,
dog,swedish-vallhund,Swedish Vallhund,sitting,pets/dog/swedish-vallhund/sitting.png,
dog,swedish-vallhund,Swedish Vallhund,laying,pets/dog/swedish-vallhund/laying.png,
dog,swedish-vallhund,Swedish Vallhund,belly-up,pets/dog/swedish-vallhund/belly-up.png,
dog,taiwan-dog,Taiwan Dog,sitting,pets/dog/taiwan-dog/sitting.png,
dog,taiwan-dog,Taiwan Dog,laying,pets/dog/taiwan-dog/laying.png,
dog,taiwan-dog,Taiwan Dog,belly-up,pets/dog/taiwan-dog/belly-up.png,
dog,thai-ridgeback,Thai Ridgeback,sitting,pets/dog/thai-ridgeback/sitting.png,
dog,thai-ridgeback,Thai Ridgeback,laying,pets/dog/thai-ridgeback/laying.png,
dog,thai-ridgeback,Thai Ridgeback,belly-up,pets/dog/thai-ridgeback/belly-up.png,
dog,tibetan-mastiff,Tibetan Mastiff,sitting,pets/dog/tibetan-mastiff/sitting.png,
dog,tibetan-mastiff,Tibetan Mastiff,laying,pets/dog/tibetan-mastiff/laying.png,
dog,tibetan-mastiff,Tibetan Mastiff,belly-up,pets/dog/tibetan-mastiff/belly-up.png,
dog,tibetan-spaniel,Tibetan Spaniel,sitting,pets/dog/tibetan-spaniel/sitting.png,
dog,tibetan-spaniel,Tibetan Spaniel,laying,pets/dog/tibetan-spaniel/laying.png,
dog,tibetan-spaniel,Tibetan Spaniel,belly-up,pets/dog/tibetan-spaniel/belly-up.png,
dog,tibetan-terrier,Tibetan Terrier,sitting,pets/dog/tibetan-terrier/sitting.png,
dog,tibetan-terrier,Tibetan Terrier,laying,pets/dog/tibetan-terrier/laying.png,
dog,tibetan-terrier,Tibetan Terrier,belly-up,pets/dog/tibetan-terrier/belly-up.png,
dog,tornjak,Tornjak,sitting,pets/dog/tornjak/sitting.png,
dog,tornjak,Tornjak,laying,pets/dog/tornjak/laying.png,
dog,tornjak,Tornjak,belly-up,pets/dog/tornjak/belly-up.png,
dog,tosa,Tosa,sitting,pets/dog/tosa/sitting.png,
dog,tosa,Tosa,laying,pets/dog/tosa/laying.png,
dog,tosa,Tosa,belly-up,pets/dog/tosa/belly-up.png,
dog,toy-fox-terrier,Toy Fox Terrier,sitting,pets/dog/toy-fox-terrier/sitting.png,
dog,toy-fox-terrier,Toy Fox Terrier,laying,pets/dog/toy-fox-terrier/laying.png,
dog,toy-fox-terrier,Toy Fox Terrier,belly-up,pets/dog/toy-fox-terrier/belly-up.png,
dog,transylvanian-hound,Transylvanian Hound,sitting,pets/dog/transylvanian-hound/sitting.png,
dog,transylvanian-hound,Transylvanian Hound,laying,pets/dog/transylvanian-hound/laying.png,
dog,transylvanian-hound,Transylvanian Hound,belly-up,pets/dog/transylvanian-hound/belly-up.png,
dog,treeing-walker-coonhound,Treeing Walker Coonhound,sitting,pets/dog/treeing-walker-coonhound/sitting.png,
dog,treeing-walker-coonhound,Treeing Walker Coonhound,laying,pets/dog/treeing-walker-coonhound/laying.png,
dog,treeing-walker-coonhound,Treeing Walker Coonhound,belly-up,pets/dog/treeing-walker-coonhound/belly-up.png,
dog,vizsla,Vizsla,sitting,pets/dog/vizsla/sitting.png,
dog,vizsla,Vizsla,laying,pets/dog/vizsla/laying.png,
dog,vizsla,Vizsla,belly-up,pets/dog/vizsla/belly-up.png,
dog,volpino-italiano,Volpino Italiano,sitting,pets/dog/volpino-italiano/sitting.png,
dog,volpino-italiano,Volpino Italiano,laying,pets/dog/volpino-italiano/laying.png,
dog,volpino-italiano,Volpino Italiano,belly-up,pets/dog/volpino-italiano/belly-up.png,
dog,weimaraner,Weimaraner,sitting,pets/dog/weimaraner/sitting.png,
dog,weimaraner,Weimaraner,laying,pets/dog/weimaraner/laying.png,
dog,weimaraner,Weimaraner,belly-up,pets/dog/weimaraner/belly-up.png,
dog,welsh-springer-spaniel,Welsh Springer Spaniel,sitting,pets/dog/welsh-springer-spaniel/sitting.png,
dog,welsh-springer-spaniel,Welsh Springer Spaniel,laying,pets/dog/welsh-springer-spaniel/laying.png,
dog,welsh-springer-spaniel,Welsh Springer Spaniel,belly-up,pets/dog/welsh-springer-spaniel/belly-up.png,
dog,welsh-terrier,Welsh Terrier,sitting,pets/dog/welsh-terrier/sitting.png,
dog,welsh-terrier,Welsh Terrier,laying,pets/dog/welsh-terrier/laying.png,
dog,welsh-terrier,Welsh Terrier,belly-up,pets/dog/welsh-terrier/belly-up.png,
dog,west-highland-white-terrier,West Highland White Terrier,sitting,pets/dog/west-highland-white-terrier/sitting.png,
dog,west-highland-white-terrier,West Highland White Terrier,laying,pets/dog/west-highland-white-terrier/laying.png,
dog,west-highland-white-terrier,West Highland White Terrier,belly-up,pets/dog/west-highland-white-terrier/belly-up.png,
dog,whippet,Whippet,sitting,pets/dog/whippet/sitting.png,
dog,whippet,Whippet,laying,pets/dog/whippet/laying.png,
dog,whippet,Whippet,belly-up,pets/dog/whippet/belly-up.png,
dog,wire-fox-terrier,Wire Fox Terrier,sitting,pets/dog/wire-fox-terrier/sitting.png,
dog,wire-fox-terrier,Wire Fox Terrier,laying,pets/dog/wire-fox-terrier/laying.png,
dog,wire-fox-terrier,Wire Fox Terrier,belly-up,pets/dog/wire-fox-terrier/belly-up.png,
dog,wirehaired-pointing-griffon,Wirehaired Pointing Griffon,sitting,pets/dog/wirehaired-pointing-griffon/sitting.png,
dog,wirehaired-pointing-griffon,Wirehaired Pointing Griffon,laying,pets/dog/wirehaired-pointing-griffon/laying.png,
dog,wirehaired-pointing-griffon,Wirehaired Pointing Griffon,belly-up,pets/dog/wirehaired-pointing-griffon/belly-up.png,
dog,wirehaired-vizsla,Wirehaired Vizsla,sitting,pets/dog/wirehaired-vizsla/sitting.png,
dog,wirehaired-vizsla,Wirehaired Vizsla,laying,pets/dog/wirehaired-vizsla/laying.png,
dog,wirehaired-vizsla,Wirehaired Vizsla,belly-up,pets/dog/wirehaired-vizsla/belly-up.png,
dog,xoloitzcuintli,Xoloitzcuintli,sitting,pets/dog/xoloitzcuintli/sitting.png,
dog,xoloitzcuintli,Xoloitzcuintli,laying,pets/dog/xoloitzcuintli/laying.png,
dog,xoloitzcuintli,Xoloitzcuintli,belly-up,pets/dog/xoloitzcuintli/belly-up.png,
dog,yakutian-laika,Yakutian Laika,sitting,pets/dog/yakutian-laika/sitting.png,
dog,yakutian-laika,Yakutian Laika,laying,pets/dog/yakutian-laika/laying.png,
dog,yakutian-laika,Yakutian Laika,belly-up,pets/dog/yakutian-laika/belly-up.png,
dog,yorkipoo,Yorkipoo,sitting,pets/dog/yorkipoo/sitting.png,
dog,yorkipoo,Yorkipoo,laying,pets/dog/yorkipoo/laying.png,
dog,yorkipoo,Yorkipoo,belly-up,pets/dog/yorkipoo/belly-up.png,
dog,yorkshire-terrier,Yorkshire Terrier,sitting,pets/dog/yorkshire-terrier/sitting.png,YES
dog,yorkshire-terrier,Yorkshire Terrier,laying,pets/dog/yorkshire-terrier/laying.png,YES
dog,yorkshire-terrier,Yorkshire Terrier,belly-up,pets/dog/yorkshire-terrier/belly-up.png,YES
cat,mixed,Mixed / rescue,sitting,pets/cat/mixed/sitting.png,
cat,mixed,Mixed / rescue,laying,pets/cat/mixed/laying.png,
cat,mixed,Mixed / rescue,belly-up,pets/cat/mixed/belly-up.png,
cat,domestic-shorthair,Domestic shorthair,sitting,pets/cat/domestic-shorthair/sitting.png,YES
cat,domestic-shorthair,Domestic shorthair,laying,pets/cat/domestic-shorthair/laying.png,YES
cat,domestic-shorthair,Domestic shorthair,belly-up,pets/cat/domestic-shorthair/belly-up.png,YES
cat,domestic-longhair,Domestic longhair,sitting,pets/cat/domestic-longhair/sitting.png,YES
cat,domestic-longhair,Domestic longhair,laying,pets/cat/domestic-longhair/laying.png,YES
cat,domestic-longhair,Domestic longhair,belly-up,pets/cat/domestic-longhair/belly-up.png,YES
cat,abyssinian,Abyssinian,sitting,pets/cat/abyssinian/sitting.png,
cat,abyssinian,Abyssinian,laying,pets/cat/abyssinian/laying.png,
cat,abyssinian,Abyssinian,belly-up,pets/cat/abyssinian/belly-up.png,
cat,aegean,Aegean,sitting,pets/cat/aegean/sitting.png,
cat,aegean,Aegean,laying,pets/cat/aegean/laying.png,
cat,aegean,Aegean,belly-up,pets/cat/aegean/belly-up.png,
cat,american-bobtail,American Bobtail,sitting,pets/cat/american-bobtail/sitting.png,
cat,american-bobtail,American Bobtail,laying,pets/cat/american-bobtail/laying.png,
cat,american-bobtail,American Bobtail,belly-up,pets/cat/american-bobtail/belly-up.png,
cat,american-curl,American Curl,sitting,pets/cat/american-curl/sitting.png,
cat,american-curl,American Curl,laying,pets/cat/american-curl/laying.png,
cat,american-curl,American Curl,belly-up,pets/cat/american-curl/belly-up.png,
cat,american-shorthair,American Shorthair,sitting,pets/cat/american-shorthair/sitting.png,YES
cat,american-shorthair,American Shorthair,laying,pets/cat/american-shorthair/laying.png,YES
cat,american-shorthair,American Shorthair,belly-up,pets/cat/american-shorthair/belly-up.png,YES
cat,american-wirehair,American Wirehair,sitting,pets/cat/american-wirehair/sitting.png,
cat,american-wirehair,American Wirehair,laying,pets/cat/american-wirehair/laying.png,
cat,american-wirehair,American Wirehair,belly-up,pets/cat/american-wirehair/belly-up.png,
cat,arabian-mau,Arabian Mau,sitting,pets/cat/arabian-mau/sitting.png,
cat,arabian-mau,Arabian Mau,laying,pets/cat/arabian-mau/laying.png,
cat,arabian-mau,Arabian Mau,belly-up,pets/cat/arabian-mau/belly-up.png,
cat,australian-mist,Australian Mist,sitting,pets/cat/australian-mist/sitting.png,
cat,australian-mist,Australian Mist,laying,pets/cat/australian-mist/laying.png,
cat,australian-mist,Australian Mist,belly-up,pets/cat/australian-mist/belly-up.png,
cat,balinese,Balinese,sitting,pets/cat/balinese/sitting.png,
cat,balinese,Balinese,laying,pets/cat/balinese/laying.png,
cat,balinese,Balinese,belly-up,pets/cat/balinese/belly-up.png,
cat,bengal,Bengal,sitting,pets/cat/bengal/sitting.png,YES
cat,bengal,Bengal,laying,pets/cat/bengal/laying.png,YES
cat,bengal,Bengal,belly-up,pets/cat/bengal/belly-up.png,YES
cat,birman,Birman,sitting,pets/cat/birman/sitting.png,
cat,birman,Birman,laying,pets/cat/birman/laying.png,
cat,birman,Birman,belly-up,pets/cat/birman/belly-up.png,
cat,bombay,Bombay,sitting,pets/cat/bombay/sitting.png,
cat,bombay,Bombay,laying,pets/cat/bombay/laying.png,
cat,bombay,Bombay,belly-up,pets/cat/bombay/belly-up.png,
cat,british-longhair,British Longhair,sitting,pets/cat/british-longhair/sitting.png,
cat,british-longhair,British Longhair,laying,pets/cat/british-longhair/laying.png,
cat,british-longhair,British Longhair,belly-up,pets/cat/british-longhair/belly-up.png,
cat,british-shorthair,British Shorthair,sitting,pets/cat/british-shorthair/sitting.png,YES
cat,british-shorthair,British Shorthair,laying,pets/cat/british-shorthair/laying.png,YES
cat,british-shorthair,British Shorthair,belly-up,pets/cat/british-shorthair/belly-up.png,YES
cat,burmese,Burmese,sitting,pets/cat/burmese/sitting.png,
cat,burmese,Burmese,laying,pets/cat/burmese/laying.png,
cat,burmese,Burmese,belly-up,pets/cat/burmese/belly-up.png,
cat,burmilla,Burmilla,sitting,pets/cat/burmilla/sitting.png,
cat,burmilla,Burmilla,laying,pets/cat/burmilla/laying.png,
cat,burmilla,Burmilla,belly-up,pets/cat/burmilla/belly-up.png,
cat,chartreux,Chartreux,sitting,pets/cat/chartreux/sitting.png,
cat,chartreux,Chartreux,laying,pets/cat/chartreux/laying.png,
cat,chartreux,Chartreux,belly-up,pets/cat/chartreux/belly-up.png,
cat,chausie,Chausie,sitting,pets/cat/chausie/sitting.png,
cat,chausie,Chausie,laying,pets/cat/chausie/laying.png,
cat,chausie,Chausie,belly-up,pets/cat/chausie/belly-up.png,
cat,colorpoint-shorthair,Colorpoint Shorthair,sitting,pets/cat/colorpoint-shorthair/sitting.png,
cat,colorpoint-shorthair,Colorpoint Shorthair,laying,pets/cat/colorpoint-shorthair/laying.png,
cat,colorpoint-shorthair,Colorpoint Shorthair,belly-up,pets/cat/colorpoint-shorthair/belly-up.png,
cat,cornish-rex,Cornish Rex,sitting,pets/cat/cornish-rex/sitting.png,
cat,cornish-rex,Cornish Rex,laying,pets/cat/cornish-rex/laying.png,
cat,cornish-rex,Cornish Rex,belly-up,pets/cat/cornish-rex/belly-up.png,
cat,cymric,Cymric,sitting,pets/cat/cymric/sitting.png,
cat,cymric,Cymric,laying,pets/cat/cymric/laying.png,
cat,cymric,Cymric,belly-up,pets/cat/cymric/belly-up.png,
cat,devon-rex,Devon Rex,sitting,pets/cat/devon-rex/sitting.png,
cat,devon-rex,Devon Rex,laying,pets/cat/devon-rex/laying.png,
cat,devon-rex,Devon Rex,belly-up,pets/cat/devon-rex/belly-up.png,
cat,donskoy,Donskoy,sitting,pets/cat/donskoy/sitting.png,
cat,donskoy,Donskoy,laying,pets/cat/donskoy/laying.png,
cat,donskoy,Donskoy,belly-up,pets/cat/donskoy/belly-up.png,
cat,egyptian-mau,Egyptian Mau,sitting,pets/cat/egyptian-mau/sitting.png,
cat,egyptian-mau,Egyptian Mau,laying,pets/cat/egyptian-mau/laying.png,
cat,egyptian-mau,Egyptian Mau,belly-up,pets/cat/egyptian-mau/belly-up.png,
cat,european-burmese,European Burmese,sitting,pets/cat/european-burmese/sitting.png,
cat,european-burmese,European Burmese,laying,pets/cat/european-burmese/laying.png,
cat,european-burmese,European Burmese,belly-up,pets/cat/european-burmese/belly-up.png,
cat,european-shorthair,European Shorthair,sitting,pets/cat/european-shorthair/sitting.png,
cat,european-shorthair,European Shorthair,laying,pets/cat/european-shorthair/laying.png,
cat,european-shorthair,European Shorthair,belly-up,pets/cat/european-shorthair/belly-up.png,
cat,exotic-shorthair,Exotic Shorthair,sitting,pets/cat/exotic-shorthair/sitting.png,
cat,exotic-shorthair,Exotic Shorthair,laying,pets/cat/exotic-shorthair/laying.png,
cat,exotic-shorthair,Exotic Shorthair,belly-up,pets/cat/exotic-shorthair/belly-up.png,
cat,german-rex,German Rex,sitting,pets/cat/german-rex/sitting.png,
cat,german-rex,German Rex,laying,pets/cat/german-rex/laying.png,
cat,german-rex,German Rex,belly-up,pets/cat/german-rex/belly-up.png,
cat,havana-brown,Havana Brown,sitting,pets/cat/havana-brown/sitting.png,
cat,havana-brown,Havana Brown,laying,pets/cat/havana-brown/laying.png,
cat,havana-brown,Havana Brown,belly-up,pets/cat/havana-brown/belly-up.png,
cat,highlander,Highlander,sitting,pets/cat/highlander/sitting.png,
cat,highlander,Highlander,laying,pets/cat/highlander/laying.png,
cat,highlander,Highlander,belly-up,pets/cat/highlander/belly-up.png,
cat,himalayan,Himalayan,sitting,pets/cat/himalayan/sitting.png,
cat,himalayan,Himalayan,laying,pets/cat/himalayan/laying.png,
cat,himalayan,Himalayan,belly-up,pets/cat/himalayan/belly-up.png,
cat,japanese-bobtail,Japanese Bobtail,sitting,pets/cat/japanese-bobtail/sitting.png,
cat,japanese-bobtail,Japanese Bobtail,laying,pets/cat/japanese-bobtail/laying.png,
cat,japanese-bobtail,Japanese Bobtail,belly-up,pets/cat/japanese-bobtail/belly-up.png,
cat,khao-manee,Khao Manee,sitting,pets/cat/khao-manee/sitting.png,
cat,khao-manee,Khao Manee,laying,pets/cat/khao-manee/laying.png,
cat,khao-manee,Khao Manee,belly-up,pets/cat/khao-manee/belly-up.png,
cat,korat,Korat,sitting,pets/cat/korat/sitting.png,
cat,korat,Korat,laying,pets/cat/korat/laying.png,
cat,korat,Korat,belly-up,pets/cat/korat/belly-up.png,
cat,kurilian-bobtail,Kurilian Bobtail,sitting,pets/cat/kurilian-bobtail/sitting.png,
cat,kurilian-bobtail,Kurilian Bobtail,laying,pets/cat/kurilian-bobtail/laying.png,
cat,kurilian-bobtail,Kurilian Bobtail,belly-up,pets/cat/kurilian-bobtail/belly-up.png,
cat,laperm,LaPerm,sitting,pets/cat/laperm/sitting.png,
cat,laperm,LaPerm,laying,pets/cat/laperm/laying.png,
cat,laperm,LaPerm,belly-up,pets/cat/laperm/belly-up.png,
cat,lykoi,Lykoi,sitting,pets/cat/lykoi/sitting.png,
cat,lykoi,Lykoi,laying,pets/cat/lykoi/laying.png,
cat,lykoi,Lykoi,belly-up,pets/cat/lykoi/belly-up.png,
cat,maine-coon,Maine Coon,sitting,pets/cat/maine-coon/sitting.png,YES
cat,maine-coon,Maine Coon,laying,pets/cat/maine-coon/laying.png,YES
cat,maine-coon,Maine Coon,belly-up,pets/cat/maine-coon/belly-up.png,YES
cat,manx,Manx,sitting,pets/cat/manx/sitting.png,
cat,manx,Manx,laying,pets/cat/manx/laying.png,
cat,manx,Manx,belly-up,pets/cat/manx/belly-up.png,
cat,minuet,Minuet (Napoleon),sitting,pets/cat/minuet/sitting.png,
cat,minuet,Minuet (Napoleon),laying,pets/cat/minuet/laying.png,
cat,minuet,Minuet (Napoleon),belly-up,pets/cat/minuet/belly-up.png,
cat,munchkin,Munchkin,sitting,pets/cat/munchkin/sitting.png,
cat,munchkin,Munchkin,laying,pets/cat/munchkin/laying.png,
cat,munchkin,Munchkin,belly-up,pets/cat/munchkin/belly-up.png,
cat,nebelung,Nebelung,sitting,pets/cat/nebelung/sitting.png,
cat,nebelung,Nebelung,laying,pets/cat/nebelung/laying.png,
cat,nebelung,Nebelung,belly-up,pets/cat/nebelung/belly-up.png,
cat,norwegian-forest-cat,Norwegian Forest Cat,sitting,pets/cat/norwegian-forest-cat/sitting.png,
cat,norwegian-forest-cat,Norwegian Forest Cat,laying,pets/cat/norwegian-forest-cat/laying.png,
cat,norwegian-forest-cat,Norwegian Forest Cat,belly-up,pets/cat/norwegian-forest-cat/belly-up.png,
cat,ocicat,Ocicat,sitting,pets/cat/ocicat/sitting.png,
cat,ocicat,Ocicat,laying,pets/cat/ocicat/laying.png,
cat,ocicat,Ocicat,belly-up,pets/cat/ocicat/belly-up.png,
cat,oriental-longhair,Oriental Longhair,sitting,pets/cat/oriental-longhair/sitting.png,
cat,oriental-longhair,Oriental Longhair,laying,pets/cat/oriental-longhair/laying.png,
cat,oriental-longhair,Oriental Longhair,belly-up,pets/cat/oriental-longhair/belly-up.png,
cat,oriental-shorthair,Oriental Shorthair,sitting,pets/cat/oriental-shorthair/sitting.png,
cat,oriental-shorthair,Oriental Shorthair,laying,pets/cat/oriental-shorthair/laying.png,
cat,oriental-shorthair,Oriental Shorthair,belly-up,pets/cat/oriental-shorthair/belly-up.png,
cat,persian,Persian,sitting,pets/cat/persian/sitting.png,YES
cat,persian,Persian,laying,pets/cat/persian/laying.png,YES
cat,persian,Persian,belly-up,pets/cat/persian/belly-up.png,YES
cat,peterbald,Peterbald,sitting,pets/cat/peterbald/sitting.png,
cat,peterbald,Peterbald,laying,pets/cat/peterbald/laying.png,
cat,peterbald,Peterbald,belly-up,pets/cat/peterbald/belly-up.png,
cat,pixie-bob,Pixie-bob,sitting,pets/cat/pixie-bob/sitting.png,
cat,pixie-bob,Pixie-bob,laying,pets/cat/pixie-bob/laying.png,
cat,pixie-bob,Pixie-bob,belly-up,pets/cat/pixie-bob/belly-up.png,
cat,ragamuffin,Ragamuffin,sitting,pets/cat/ragamuffin/sitting.png,
cat,ragamuffin,Ragamuffin,laying,pets/cat/ragamuffin/laying.png,
cat,ragamuffin,Ragamuffin,belly-up,pets/cat/ragamuffin/belly-up.png,
cat,ragdoll,Ragdoll,sitting,pets/cat/ragdoll/sitting.png,YES
cat,ragdoll,Ragdoll,laying,pets/cat/ragdoll/laying.png,YES
cat,ragdoll,Ragdoll,belly-up,pets/cat/ragdoll/belly-up.png,YES
cat,russian-blue,Russian Blue,sitting,pets/cat/russian-blue/sitting.png,YES
cat,russian-blue,Russian Blue,laying,pets/cat/russian-blue/laying.png,YES
cat,russian-blue,Russian Blue,belly-up,pets/cat/russian-blue/belly-up.png,YES
cat,savannah,Savannah,sitting,pets/cat/savannah/sitting.png,
cat,savannah,Savannah,laying,pets/cat/savannah/laying.png,
cat,savannah,Savannah,belly-up,pets/cat/savannah/belly-up.png,
cat,scottish-fold,Scottish Fold,sitting,pets/cat/scottish-fold/sitting.png,YES
cat,scottish-fold,Scottish Fold,laying,pets/cat/scottish-fold/laying.png,YES
cat,scottish-fold,Scottish Fold,belly-up,pets/cat/scottish-fold/belly-up.png,YES
cat,scottish-straight,Scottish Straight,sitting,pets/cat/scottish-straight/sitting.png,
cat,scottish-straight,Scottish Straight,laying,pets/cat/scottish-straight/laying.png,
cat,scottish-straight,Scottish Straight,belly-up,pets/cat/scottish-straight/belly-up.png,
cat,selkirk-rex,Selkirk Rex,sitting,pets/cat/selkirk-rex/sitting.png,
cat,selkirk-rex,Selkirk Rex,laying,pets/cat/selkirk-rex/laying.png,
cat,selkirk-rex,Selkirk Rex,belly-up,pets/cat/selkirk-rex/belly-up.png,
cat,serengeti,Serengeti,sitting,pets/cat/serengeti/sitting.png,
cat,serengeti,Serengeti,laying,pets/cat/serengeti/laying.png,
cat,serengeti,Serengeti,belly-up,pets/cat/serengeti/belly-up.png,
cat,siamese,Siamese,sitting,pets/cat/siamese/sitting.png,YES
cat,siamese,Siamese,laying,pets/cat/siamese/laying.png,YES
cat,siamese,Siamese,belly-up,pets/cat/siamese/belly-up.png,YES
cat,siberian,Siberian,sitting,pets/cat/siberian/sitting.png,
cat,siberian,Siberian,laying,pets/cat/siberian/laying.png,
cat,siberian,Siberian,belly-up,pets/cat/siberian/belly-up.png,
cat,singapura,Singapura,sitting,pets/cat/singapura/sitting.png,
cat,singapura,Singapura,laying,pets/cat/singapura/laying.png,
cat,singapura,Singapura,belly-up,pets/cat/singapura/belly-up.png,
cat,snowshoe,Snowshoe,sitting,pets/cat/snowshoe/sitting.png,
cat,snowshoe,Snowshoe,laying,pets/cat/snowshoe/laying.png,
cat,snowshoe,Snowshoe,belly-up,pets/cat/snowshoe/belly-up.png,
cat,sokoke,Sokoke,sitting,pets/cat/sokoke/sitting.png,
cat,sokoke,Sokoke,laying,pets/cat/sokoke/laying.png,
cat,sokoke,Sokoke,belly-up,pets/cat/sokoke/belly-up.png,
cat,somali,Somali,sitting,pets/cat/somali/sitting.png,
cat,somali,Somali,laying,pets/cat/somali/laying.png,
cat,somali,Somali,belly-up,pets/cat/somali/belly-up.png,
cat,sphynx,Sphynx,sitting,pets/cat/sphynx/sitting.png,YES
cat,sphynx,Sphynx,laying,pets/cat/sphynx/laying.png,YES
cat,sphynx,Sphynx,belly-up,pets/cat/sphynx/belly-up.png,YES
cat,thai,Thai,sitting,pets/cat/thai/sitting.png,
cat,thai,Thai,laying,pets/cat/thai/laying.png,
cat,thai,Thai,belly-up,pets/cat/thai/belly-up.png,
cat,tonkinese,Tonkinese,sitting,pets/cat/tonkinese/sitting.png,
cat,tonkinese,Tonkinese,laying,pets/cat/tonkinese/laying.png,
cat,tonkinese,Tonkinese,belly-up,pets/cat/tonkinese/belly-up.png,
cat,toyger,Toyger,sitting,pets/cat/toyger/sitting.png,
cat,toyger,Toyger,laying,pets/cat/toyger/laying.png,
cat,toyger,Toyger,belly-up,pets/cat/toyger/belly-up.png,
cat,turkish-angora,Turkish Angora,sitting,pets/cat/turkish-angora/sitting.png,
cat,turkish-angora,Turkish Angora,laying,pets/cat/turkish-angora/laying.png,
cat,turkish-angora,Turkish Angora,belly-up,pets/cat/turkish-angora/belly-up.png,
cat,turkish-van,Turkish Van,sitting,pets/cat/turkish-van/sitting.png,
cat,turkish-van,Turkish Van,laying,pets/cat/turkish-van/laying.png,
cat,turkish-van,Turkish Van,belly-up,pets/cat/turkish-van/belly-up.png,
cat,ukrainian-levkoy,Ukrainian Levkoy,sitting,pets/cat/ukrainian-levkoy/sitting.png,
cat,ukrainian-levkoy,Ukrainian Levkoy,laying,pets/cat/ukrainian-levkoy/laying.png,
cat,ukrainian-levkoy,Ukrainian Levkoy,belly-up,pets/cat/ukrainian-levkoy/belly-up.png,
hamster,syrian,Syrian,sitting,pets/hamster/syrian/sitting.png,YES
hamster,syrian,Syrian,laying,pets/hamster/syrian/laying.png,YES
hamster,syrian,Syrian,belly-up,pets/hamster/syrian/belly-up.png,YES
hamster,roborovski,Roborovski,sitting,pets/hamster/roborovski/sitting.png,
hamster,roborovski,Roborovski,laying,pets/hamster/roborovski/laying.png,
hamster,roborovski,Roborovski,belly-up,pets/hamster/roborovski/belly-up.png,
hamster,campbells-dwarf,Campbell's dwarf,sitting,pets/hamster/campbells-dwarf/sitting.png,
hamster,campbells-dwarf,Campbell's dwarf,laying,pets/hamster/campbells-dwarf/laying.png,
hamster,campbells-dwarf,Campbell's dwarf,belly-up,pets/hamster/campbells-dwarf/belly-up.png,
hamster,winter-white,Winter white,sitting,pets/hamster/winter-white/sitting.png,
hamster,winter-white,Winter white,laying,pets/hamster/winter-white/laying.png,
hamster,winter-white,Winter white,belly-up,pets/hamster/winter-white/belly-up.png,
hamster,chinese,Chinese,sitting,pets/hamster/chinese/sitting.png,
hamster,chinese,Chinese,laying,pets/hamster/chinese/laying.png,
hamster,chinese,Chinese,belly-up,pets/hamster/chinese/belly-up.png,
bird,budgerigar,Budgerigar,sitting,pets/bird/budgerigar/sitting.png,YES
bird,budgerigar,Budgerigar,laying,pets/bird/budgerigar/laying.png,YES
bird,budgerigar,Budgerigar,belly-up,pets/bird/budgerigar/belly-up.png,YES
bird,cockatiel,Cockatiel,sitting,pets/bird/cockatiel/sitting.png,YES
bird,cockatiel,Cockatiel,laying,pets/bird/cockatiel/laying.png,YES
bird,cockatiel,Cockatiel,belly-up,pets/bird/cockatiel/belly-up.png,YES
bird,lovebird,Lovebird,sitting,pets/bird/lovebird/sitting.png,
bird,lovebird,Lovebird,laying,pets/bird/lovebird/laying.png,
bird,lovebird,Lovebird,belly-up,pets/bird/lovebird/belly-up.png,
bird,african-grey,African grey,sitting,pets/bird/african-grey/sitting.png,
bird,african-grey,African grey,laying,pets/bird/african-grey/laying.png,
bird,african-grey,African grey,belly-up,pets/bird/african-grey/belly-up.png,
bird,macaw-blue-and-gold,Macaw (blue-and-gold),sitting,pets/bird/macaw-blue-and-gold/sitting.png,
bird,macaw-blue-and-gold,Macaw (blue-and-gold),laying,pets/bird/macaw-blue-and-gold/laying.png,
bird,macaw-blue-and-gold,Macaw (blue-and-gold),belly-up,pets/bird/macaw-blue-and-gold/belly-up.png,
bird,macaw-scarlet,Macaw (scarlet),sitting,pets/bird/macaw-scarlet/sitting.png,
bird,macaw-scarlet,Macaw (scarlet),laying,pets/bird/macaw-scarlet/laying.png,
bird,macaw-scarlet,Macaw (scarlet),belly-up,pets/bird/macaw-scarlet/belly-up.png,
bird,cockatoo,Cockatoo,sitting,pets/bird/cockatoo/sitting.png,
bird,cockatoo,Cockatoo,laying,pets/bird/cockatoo/laying.png,
bird,cockatoo,Cockatoo,belly-up,pets/bird/cockatoo/belly-up.png,
bird,conure-green-cheeked,Conure (green-cheeked),sitting,pets/bird/conure-green-cheeked/sitting.png,
bird,conure-green-cheeked,Conure (green-cheeked),laying,pets/bird/conure-green-cheeked/laying.png,
bird,conure-green-cheeked,Conure (green-cheeked),belly-up,pets/bird/conure-green-cheeked/belly-up.png,
bird,conure-sun,Conure (sun),sitting,pets/bird/conure-sun/sitting.png,
bird,conure-sun,Conure (sun),laying,pets/bird/conure-sun/laying.png,
bird,conure-sun,Conure (sun),belly-up,pets/bird/conure-sun/belly-up.png,
bird,parrotlet,Parrotlet,sitting,pets/bird/parrotlet/sitting.png,
bird,parrotlet,Parrotlet,laying,pets/bird/parrotlet/laying.png,
bird,parrotlet,Parrotlet,belly-up,pets/bird/parrotlet/belly-up.png,
bird,canary,Canary,sitting,pets/bird/canary/sitting.png,
bird,canary,Canary,laying,pets/bird/canary/laying.png,
bird,canary,Canary,belly-up,pets/bird/canary/belly-up.png,
bird,zebra-finch,Zebra finch,sitting,pets/bird/zebra-finch/sitting.png,
bird,zebra-finch,Zebra finch,laying,pets/bird/zebra-finch/laying.png,
bird,zebra-finch,Zebra finch,belly-up,pets/bird/zebra-finch/belly-up.png,
bird,society-finch,Society finch,sitting,pets/bird/society-finch/sitting.png,
bird,society-finch,Society finch,laying,pets/bird/society-finch/laying.png,
bird,society-finch,Society finch,belly-up,pets/bird/society-finch/belly-up.png,
bird,dove,Dove,sitting,pets/bird/dove/sitting.png,
bird,dove,Dove,laying,pets/bird/dove/laying.png,
bird,dove,Dove,belly-up,pets/bird/dove/belly-up.png,
bird,pigeon,Pigeon,sitting,pets/bird/pigeon/sitting.png,
bird,pigeon,Pigeon,laying,pets/bird/pigeon/laying.png,
bird,pigeon,Pigeon,belly-up,pets/bird/pigeon/belly-up.png,
bird,quaker-parrot,Quaker parrot,sitting,pets/bird/quaker-parrot/sitting.png,
bird,quaker-parrot,Quaker parrot,laying,pets/bird/quaker-parrot/laying.png,
bird,quaker-parrot,Quaker parrot,belly-up,pets/bird/quaker-parrot/belly-up.png,
bird,eclectus,Eclectus,sitting,pets/bird/eclectus/sitting.png,
bird,eclectus,Eclectus,laying,pets/bird/eclectus/laying.png,
bird,eclectus,Eclectus,belly-up,pets/bird/eclectus/belly-up.png,
bird,amazon-parrot,Amazon parrot,sitting,pets/bird/amazon-parrot/sitting.png,
bird,amazon-parrot,Amazon parrot,laying,pets/bird/amazon-parrot/laying.png,
bird,amazon-parrot,Amazon parrot,belly-up,pets/bird/amazon-parrot/belly-up.png,
bird,caique,Caique,sitting,pets/bird/caique/sitting.png,
bird,caique,Caique,laying,pets/bird/caique/laying.png,
bird,caique,Caique,belly-up,pets/bird/caique/belly-up.png,
bird,pionus,Pionus,sitting,pets/bird/pionus/sitting.png,
bird,pionus,Pionus,laying,pets/bird/pionus/laying.png,
bird,pionus,Pionus,belly-up,pets/bird/pionus/belly-up.png,
bird,senegal-parrot,Senegal parrot,sitting,pets/bird/senegal-parrot/sitting.png,
bird,senegal-parrot,Senegal parrot,laying,pets/bird/senegal-parrot/laying.png,
bird,senegal-parrot,Senegal parrot,belly-up,pets/bird/senegal-parrot/belly-up.png,
bird,indian-ringneck,Indian ringneck,sitting,pets/bird/indian-ringneck/sitting.png,
bird,indian-ringneck,Indian ringneck,laying,pets/bird/indian-ringneck/laying.png,
bird,indian-ringneck,Indian ringneck,belly-up,pets/bird/indian-ringneck/belly-up.png,
bird,kakariki,Kakariki,sitting,pets/bird/kakariki/sitting.png,
bird,kakariki,Kakariki,laying,pets/bird/kakariki/laying.png,
bird,kakariki,Kakariki,belly-up,pets/bird/kakariki/belly-up.png,
bird,java-sparrow,Java sparrow,sitting,pets/bird/java-sparrow/sitting.png,
bird,java-sparrow,Java sparrow,laying,pets/bird/java-sparrow/laying.png,
bird,java-sparrow,Java sparrow,belly-up,pets/bird/java-sparrow/belly-up.png,
bird,chicken,Chicken (house hen),sitting,pets/bird/chicken/sitting.png,
bird,chicken,Chicken (house hen),laying,pets/bird/chicken/laying.png,
bird,chicken,Chicken (house hen),belly-up,pets/bird/chicken/belly-up.png,
reptile,green-iguana,Green iguana,sitting,pets/reptile/green-iguana/sitting.png,YES
reptile,green-iguana,Green iguana,laying,pets/reptile/green-iguana/laying.png,YES
reptile,green-iguana,Green iguana,belly-up,pets/reptile/green-iguana/belly-up.png,YES
reptile,blue-iguana,Blue iguana,sitting,pets/reptile/blue-iguana/sitting.png,
reptile,blue-iguana,Blue iguana,laying,pets/reptile/blue-iguana/laying.png,
reptile,blue-iguana,Blue iguana,belly-up,pets/reptile/blue-iguana/belly-up.png,
reptile,red-iguana,Red iguana,sitting,pets/reptile/red-iguana/sitting.png,
reptile,red-iguana,Red iguana,laying,pets/reptile/red-iguana/laying.png,
reptile,red-iguana,Red iguana,belly-up,pets/reptile/red-iguana/belly-up.png,
reptile,bearded-dragon,Bearded dragon,sitting,pets/reptile/bearded-dragon/sitting.png,YES
reptile,bearded-dragon,Bearded dragon,laying,pets/reptile/bearded-dragon/laying.png,YES
reptile,bearded-dragon,Bearded dragon,belly-up,pets/reptile/bearded-dragon/belly-up.png,YES
reptile,chinese-water-dragon,Chinese water dragon,sitting,pets/reptile/chinese-water-dragon/sitting.png,
reptile,chinese-water-dragon,Chinese water dragon,laying,pets/reptile/chinese-water-dragon/laying.png,
reptile,chinese-water-dragon,Chinese water dragon,belly-up,pets/reptile/chinese-water-dragon/belly-up.png,
reptile,leopard-gecko,Leopard gecko,sitting,pets/reptile/leopard-gecko/sitting.png,
reptile,leopard-gecko,Leopard gecko,laying,pets/reptile/leopard-gecko/laying.png,
reptile,leopard-gecko,Leopard gecko,belly-up,pets/reptile/leopard-gecko/belly-up.png,
reptile,crested-gecko,Crested gecko,sitting,pets/reptile/crested-gecko/sitting.png,
reptile,crested-gecko,Crested gecko,laying,pets/reptile/crested-gecko/laying.png,
reptile,crested-gecko,Crested gecko,belly-up,pets/reptile/crested-gecko/belly-up.png,
reptile,chameleon-veiled,Chameleon (veiled),sitting,pets/reptile/chameleon-veiled/sitting.png,
reptile,chameleon-veiled,Chameleon (veiled),laying,pets/reptile/chameleon-veiled/laying.png,
reptile,chameleon-veiled,Chameleon (veiled),belly-up,pets/reptile/chameleon-veiled/belly-up.png,
reptile,chameleon-panther,Chameleon (panther),sitting,pets/reptile/chameleon-panther/sitting.png,
reptile,chameleon-panther,Chameleon (panther),laying,pets/reptile/chameleon-panther/laying.png,
reptile,chameleon-panther,Chameleon (panther),belly-up,pets/reptile/chameleon-panther/belly-up.png,
reptile,blue-tongued-skink,Blue-tongued skink,sitting,pets/reptile/blue-tongued-skink/sitting.png,
reptile,blue-tongued-skink,Blue-tongued skink,laying,pets/reptile/blue-tongued-skink/laying.png,
reptile,blue-tongued-skink,Blue-tongued skink,belly-up,pets/reptile/blue-tongued-skink/belly-up.png,
gear,laptop,laptop,pink,gear/laptop/pink.png,YES
gear,laptop,laptop,white,gear/laptop/white.png,YES
gear,laptop,laptop,black,gear/laptop/black.png,YES
gear,laptop,laptop,yellow,gear/laptop/yellow.png,YES
gear,laptop,laptop,blue,gear/laptop/blue.png,YES
gear,laptop,laptop,purple,gear/laptop/purple.png,YES
gear,laptop,laptop,green,gear/laptop/green.png,YES
gear,laptop,laptop,orange,gear/laptop/orange.png,YES
gear,tumbler,tumbler,pink,gear/tumbler/pink.png,YES
gear,tumbler,tumbler,white,gear/tumbler/white.png,YES
gear,tumbler,tumbler,black,gear/tumbler/black.png,YES
gear,tumbler,tumbler,yellow,gear/tumbler/yellow.png,YES
gear,tumbler,tumbler,blue,gear/tumbler/blue.png,YES
gear,tumbler,tumbler,purple,gear/tumbler/purple.png,YES
gear,tumbler,tumbler,green,gear/tumbler/green.png,YES
gear,tumbler,tumbler,orange,gear/tumbler/orange.png,YES
gear,straw-bottle,straw-bottle,pink,gear/straw-bottle/pink.png,YES
gear,straw-bottle,straw-bottle,white,gear/straw-bottle/white.png,YES
gear,straw-bottle,straw-bottle,black,gear/straw-bottle/black.png,YES
gear,straw-bottle,straw-bottle,yellow,gear/straw-bottle/yellow.png,YES
gear,straw-bottle,straw-bottle,blue,gear/straw-bottle/blue.png,YES
gear,straw-bottle,straw-bottle,purple,gear/straw-bottle/purple.png,YES
gear,straw-bottle,straw-bottle,green,gear/straw-bottle/green.png,YES
gear,straw-bottle,straw-bottle,orange,gear/straw-bottle/orange.png,YES
gear,lid-bottle,lid-bottle,pink,gear/lid-bottle/pink.png,YES
gear,lid-bottle,lid-bottle,white,gear/lid-bottle/white.png,YES
gear,lid-bottle,lid-bottle,black,gear/lid-bottle/black.png,YES
gear,lid-bottle,lid-bottle,yellow,gear/lid-bottle/yellow.png,YES
gear,lid-bottle,lid-bottle,blue,gear/lid-bottle/blue.png,YES
gear,lid-bottle,lid-bottle,purple,gear/lid-bottle/purple.png,YES
gear,lid-bottle,lid-bottle,green,gear/lid-bottle/green.png,YES
gear,lid-bottle,lid-bottle,orange,gear/lid-bottle/orange.png,YES