rank,review_weight,why,source,spot_qid,spot_name,lat,lng,city,country_code,spot_class,work_qid,work_title,work_type,year,imdb_id,sitelinks,spot_pageviews_12m,score,cast1,role1,cast2,role2,scene,also_in,radius_m,radius_rule,existing_attraction_id,action,flags,source_urls
342,13,uncertain dedupe [near_stamp: icon:Q630135|213m]; fewer than two cast members with a role on Wikidata [same work in 4 other seed rows]; top-billed cast member has no role qualifier; pageviews taken from a parent article [Gardens by the Bay]; an unstamped attraction row already exists,curated,Q120450702,"Supertree Grove, Gardens by the Bay",1.281962,103.863906,Singapore,SG,park,Q29588623,Crazy Rich Asians,film,2018,tt3104988,37,116489,187.45,,,,,"After the wedding, the reception is held in the Supertree Grove.",,300,beach/park/ranch/set (curated class park),,new_spot,pageviews_proxy(Gardens by the Bay);needs_roles;lead_without_role;possible_dup:near_stamp(icon:Q630135|213m);reuses_unstamped_row(curated:singapore-singapore-gardens-by-the-bay),https://www.wikidata.org/wiki/Q120450702 https://en.wikipedia.org/wiki/Crazy_Rich_Asians https://en.wikipedia.org/wiki/Gardens_by_the_Bay
387,13,uncertain dedupe [near_stamp_distinct_item: Cathedral of the Good Shepherd|119m]; fewer than two cast members with a role on Wikidata [same work in 4 other seed rows]; top-billed cast member has no role qualifier; low score (156.28),curated,Q1072593,CHIJMES,1.29514,103.852,Singapore,SG,building,Q29588623,Crazy Rich Asians,film,2018,tt3104988,37,16741,156.28,,,,,"Colin and Araminta's wedding was shot in CHIJMES Hall, a former convent.",,150,building/castle/station (curated class building),,new_spot,needs_roles;lead_without_role;possible_dup:near_stamp_distinct_item(Cathedral of the Good Shepherd|119m),https://www.wikidata.org/wiki/Q1072593 https://en.wikipedia.org/wiki/CHIJMES https://en.wikipedia.org/wiki/Crazy_Rich_Asians
130,12,uncertain dedupe [near_stamp_distinct_item: USS Intrepid|118m]; fewer than two cast members with a role on Wikidata [same work in 2 other seed rows]; top-billed cast member has no role qualifier; an unstamped attraction row already exists,wikidata,Q952270,"Intrepid Sea, Air & Space Museum",40.764611,-73.999611,New York City,US,nonprofit organization; maritime museum; military museum; cultural institution,Q212689,I Am Legend,film,2007,tt0480249,62,77241,303.05,,,,,,,150,building/castle/station (museum),,new_spot,wp_mention;needs_scene;needs_roles;lead_without_role;possible_dup:near_stamp_distinct_item(USS Intrepid|118m);reuses_unstamped_row(curated:united-states-new-york-intrepid-sea-air-space-museum),https://www.wikidata.org/wiki/Q212689#P915 https://www.wikidata.org/wiki/Q952270 https://en.wikipedia.org/wiki/Intrepid_Museum
131,12,uncertain dedupe [near_stamp: curated:united-states-new-york-washington-square-arch|171m]; fewer than two cast members with a role on Wikidata [same work in 2 other seed rows]; top-billed cast member has no role qualifier; an unstamped attraction row already exists,wikidata,Q909592,Washington Square Park,40.730833,-73.997778,New York City,US,urban park,Q212689,I Am Legend,film,2007,tt0480249,62,76547,302.8,,,,,,,300,beach/park/ranch/set (park),,new_spot,wp_mention;needs_scene;needs_roles;lead_without_role;possible_dup:near_stamp(curated:united-states-new-york-washington-square-arch|171m);reuses_unstamped_row(curated:united-states-new-york-washington-square-park),https://www.wikidata.org/wiki/Q212689#P915 https://www.wikidata.org/wiki/Q909592 https://en.wikipedia.org/wiki/Washington_Square_Park
242,12,uncertain dedupe [near_stamp_distinct_item: City Chambers|107m]; fewer than two cast members with a role on Wikidata [same work in 1 other seed rows]; top-billed cast member has no role qualifier; an unstamped attraction row already exists,wikidata,Q5544754,George Square,55.861111,-4.250278,Glasgow City,GB,square,Q28196,World War Z,film,2013,tt0816711,57,16133,239.84,,,,,,,120,square/bridge/viaduct (square),,new_spot,wp_mention;needs_scene;needs_roles;lead_without_role;possible_dup:near_stamp_distinct_item(City Chambers|107m);reuses_unstamped_row(wikidata:Q5544754),https://www.wikidata.org/wiki/Q28196#P915 https://www.wikidata.org/wiki/Q5544754 https://en.wikipedia.org/wiki/George_Square
107,9,uncertain dedupe [near_stamp_distinct_item: Le Moulin Rouge|132m]; fewer than two cast members with a role on Wikidata,curated,Q2593762,Café des 2 Moulins,48.884931,2.333611,Paris,FR,cafe,Q484048,Amélie,film,2001,tt0211915,78,13366,321.83,Audrey Tautou,Amélie Poulain,,,The Montmartre cafe where Amélie works as a waitress.,,60,stairs/street/cafe/shop (curated class cafe),,new_spot,needs_roles;possible_dup:near_stamp_distinct_item(Le Moulin Rouge|132m),https://www.wikidata.org/wiki/Q2593762 https://en.wikipedia.org/wiki/Am%C3%A9lie https://en.wikipedia.org/wiki/Caf%C3%A9_des_2_Moulins
204,9,uncertain dedupe [near_stamp: wikidata:Q932992|280m]; inside an existing stamp's footprint [wikidata:Q932992|280m]; an unstamped attraction row already exists,wikidata,Q5610634,"Grosvenor Chapel, Mayfair",51.509,-0.1514,London,GB,church building,Q190588,Love Actually,film,2003,tt0314331,69,6115,261.27,Hugh Grant,David,Liam Neeson,Daniel,,,150,building/castle/station (building),,new_spot,wp_mention;needs_scene;possible_dup:near_stamp(wikidata:Q932992|280m);inside_stamp_footprint(wikidata:Q932992|280m);reuses_unstamped_row(wikidata:Q5610634),https://www.wikidata.org/wiki/Q190588#P915 https://www.wikidata.org/wiki/Q5610634 https://en.wikipedia.org/wiki/Grosvenor_Chapel
250,9,uncertain dedupe [near_stamp: wikidata:Q439501|181m]; may be a town/area rather than a spot,wikidata,Q1093941,Toronto City Hall,43.653333,-79.383889,Toronto,CA,city hall,Q161400,Resident Evil: Apocalypse,film,2004,tt0318627,53,27148,234.99,Milla Jovovich,Alice Abernathy,Sienna Guillory,Jill Valentine,,,150,building/castle/station (hall),,new_spot,wp_mention;needs_scene;city_level_suspect;possible_dup:near_stamp(wikidata:Q439501|181m),https://www.wikidata.org/wiki/Q161400#P915 https://www.wikidata.org/wiki/Q1093941 https://en.wikipedia.org/wiki/Toronto_City_Hall
369,9,uncertain dedupe [near_stamp_distinct_item: Moulin de la Galette|133m]; a higher-billed actor with no role was skipped; low score (169.61),wikidata,Q3389781,place Dalida,48.888531,2.338065,Paris,FR,square,Q64584978,Emily in Paris,tv,2020,tt8962124,41,13705,169.61,Lily Collins,Emily Cooper,Lucas Bravo,Gabriel,,,120,square/bridge/viaduct (square),,new_spot,wp_mention;needs_scene;cast_skips_unroled(Ashley Park);possible_dup:near_stamp_distinct_item(Moulin de la Galette|133m),https://www.wikidata.org/wiki/Q64584978#P915 https://www.wikidata.org/wiki/Q3389781 https://en.wikipedia.org/wiki/Place_Dalida
380,9,uncertain dedupe [near_stamp_distinct_item: Panthéon|125m]; a higher-billed actor with no role was skipped; low score (159.02),wikidata,Q3390301,Place de l'Estrapade,48.8452,2.34483,Paris,FR,square,Q64584978,Emily in Paris,tv,2020,tt8962124,41,7559,159.02,Lily Collins,Emily Cooper,Lucas Bravo,Gabriel,,,120,square/bridge/viaduct (square),,new_spot,wp_mention;needs_scene;cast_skips_unroled(Ashley Park);possible_dup:near_stamp_distinct_item(Panthéon|125m);possible_dup:near_stamp_distinct_item(Musée Curie|145m),https://www.wikidata.org/wiki/Q64584978#P915 https://www.wikidata.org/wiki/Q3390301 https://en.wikipedia.org/wiki/Place_de_l%27Estrapade
266,8,uncertain dedupe [near_stamp_distinct_item: Stonewall Inn|102m]; very large cast - pick the two leads by hand,wikidata,Q4993391,Waverly Place,40.734575,-74.001436,New York City,US,street,Q184342,Wizards of Waverly Place,tv,2007,tt0799922,54,16775,228.13,Selena Gomez,Alex Russo,David Henrie,Justin Russo,,,60,stairs/street/cafe/shop (street),,new_spot,wp_mention;needs_scene;large_cast(63);possible_dup:near_stamp_distinct_item(Stonewall Inn|102m),https://www.wikidata.org/wiki/Q184342#P915 https://www.wikidata.org/wiki/Q4993391 https://en.wikipedia.org/wiki/Waverly_Place
298,8,uncertain dedupe [near_stamp_distinct_item: Komische Oper Berlin|118m]; inside an existing stamp's footprint [wikidata:Q699504|360m],wikidata,Q1766982,Westin Grand Berlin,52.5161,13.3886,Berlin,DE,hotel,Q156608,The Bourne Supremacy,film,2004,tt0372183,59,4039,212.78,Franka Potente,Marie Kreutz,Brian Cox,Ward Abbott,,,150,building/castle/station (hotel),,new_spot,wp_mention;needs_scene;possible_dup:near_stamp_distinct_item(Komische Oper Berlin|118m);inside_stamp_footprint(wikidata:Q699504|360m),https://www.wikidata.org/wiki/Q156608#P915 https://www.wikidata.org/wiki/Q1766982 https://en.wikipedia.org/wiki/The_Westin_Grand_Berlin
1,4,very large cast - pick the two leads by hand; scene line is generic,curated,Q309436,Aït Benhaddou,31.05,-7.133333,Ait Zineb,MA,castle,Q23572,Game of Thrones,tv,2011,tt0944947,139,122769,707.38,Sean Bean,Eddard Stark,Nikolaj Coster-Waldau,Jaime Lannister,The ksar was used in parts of the series.,Gladiator (2000); Lawrence of Arabia (1962),150,building/castle/station (curated class castle),icon:Q309436,film_line_on_existing,scene_generic;large_cast(133),https://www.wikidata.org/wiki/Q309436 https://en.wikipedia.org/wiki/A%C3%AFt_Benhaddou
15,3,very large cast - pick the two leads by hand,wikidata,Q239935,City of Arts and Sciences,39.454528,-0.350364,Valencia,ES,museum; tourist destination; cultural center; building complex,Q34316,Doctor Who,tv,1963,,99,73736,481.9,Sylvester McCoy,Seventh Doctor,Samuel Anderson,Danny Pink,,,150,building/castle/station (building),,new_spot,via_season_or_episode;wp_mention;needs_scene;large_cast(66),https://www.wikidata.org/wiki/Q34316#P915 https://www.wikidata.org/wiki/Q239935 https://en.wikipedia.org/wiki/City_of_Arts_and_Sciences
21,2,a higher-billed actor with no role was skipped,curated,Q235884,Chhatrapati Shivaji Maharaj Terminus,18.9398,72.8355,Mumbai City district,IN,station,Q125076,Slumdog Millionaire,film,2008,tt1010048,89,176425,466.94,Dev Patel,Jamal Malik,Tanay Chheda,Jamal Malik,"The ""Jai Ho"" dance number was filmed at the station.",,150,building/castle/station (curated class station),wikidata:Q235884,film_line_on_existing,cast_skips_unroled(Freida Pinto),https://www.wikidata.org/wiki/Q235884 https://en.wikipedia.org/wiki/Chhatrapati_Shivaji_Terminus
33,4,a higher-billed actor with no role was skipped; large area - coordinate is a centroid,wikidata,Q49148,Martha's Vineyard,41.4,-70.616667,Dukes County,US,island,Q189505,Jaws,film,1975,tt0073195,72,638016,417.95,Roy Scheider,Martin Brody,Richard Dreyfuss,Matt Hooper,,,500,mountain/natural site (island),wikidata:Q49148,film_line_on_existing,wp_mention;needs_scene;cast_skips_unroled(Robert Shaw);large_area_centroid,https://www.wikidata.org/wiki/Q189505#P915 https://www.wikidata.org/wiki/Q49148 https://en.wikipedia.org/wiki/Martha%27s_Vineyard
46,8,fewer than two cast members with a role on Wikidata; top-billed cast member has no role qualifier; a higher-billed actor with no role was skipped,wikidata,Q240711,Hotel Chelsea,40.744444,-73.996944,New York City,US,hotel,Q484675,Léon: The Professional,film,1994,tt0110413,73,206968,388.06,Gary Oldman,Norman Stansfield,,,,,150,building/castle/station (hotel),,new_spot,wp_mention;needs_scene;needs_roles;lead_without_role;cast_skips_unroled(Natalie Portman),https://www.wikidata.org/wiki/Q484675#P915 https://www.wikidata.org/wiki/Q240711 https://en.wikipedia.org/wiki/Hotel_Chelsea
76,6,fewer than two cast members with a role on Wikidata [same work in 2 other seed rows]; top-billed cast member has no role qualifier,wikidata,Q125006,Brooklyn Bridge,40.705667,-73.996333,New York City,US,suspension bridge; cable-stayed bridge; road bridge; railway bridge,Q212689,I Am Legend,film,2007,tt0480249,62,480916,352.29,,,,,,Enchanted (2007),120,square/bridge/viaduct (bridge),curated:united-states-new-york-city-brooklyn-bridge,film_line_on_existing,wp_mention;needs_scene;needs_roles;lead_without_role,https://www.wikidata.org/wiki/Q212689#P915 https://www.wikidata.org/wiki/Q125006 https://en.wikipedia.org/wiki/Brooklyn_Bridge
82,6,fewer than two cast members with a role on Wikidata; top-billed cast member has no role qualifier,wikidata,Q185382,Trevi Fountain,41.900932,12.483313,Rome,IT,fountain; sculpture,Q18407,La Dolce Vita,film,1960,tt0053779,61,496279,347.44,,,,,,,120,square/bridge/viaduct (fountain),icon:Q185382,film_line_on_existing,wp_mention;needs_scene;needs_roles;lead_without_role,https://www.wikidata.org/wiki/Q18407#P915 https://www.wikidata.org/wiki/Q185382 https://en.wikipedia.org/wiki/Trevi_Fountain
97,4,top-billed cast member has no role qualifier; a higher-billed actor with no role was skipped,wikidata,Q49117,University of Pennsylvania,39.951944,-75.193611,Philadelphia,US,private university; colonial colleges; research university; private not-for-profit educational institution,Q204057,Philadelphia,film,1993,tt0107818,56,729763,328.34,Julius Erving,Julius Erving,Dennis Radesky,Santa Claus,,,150,building/castle/station (college),,new_spot,"wp_mention;needs_scene;lead_without_role;cast_skips_unroled(Tom Hanks, Denzel Washington)",https://www.wikidata.org/wiki/Q204057#P915 https://www.wikidata.org/wiki/Q49117 https://en.wikipedia.org/wiki/University_of_Pennsylvania
112,6,fewer than two cast members with a role on Wikidata; top-billed cast member has no role qualifier,curated,Q43473,Angkor Wat,13.4125,103.866667,Siem Reap Province,KH,building,Q1056853,In the Mood for Love,film,2000,tt0118694,53,850821,314.28,,,,,"The final sequence: Chow, now a journalist in Cambodia, visits Angkor Wat.",,150,building/castle/station (curated class building),icon:Q43473,film_line_on_existing,needs_roles;lead_without_role,https://www.wikidata.org/wiki/Q43473 https://en.wikipedia.org/wiki/In_the_Mood_for_Love
116,9,fewer than two cast members with a role on Wikidata [same work in 1 other seed rows]; top-billed cast member has no role qualifier; large area - coordinate is a centroid; item has several countries,curated,Q1032254,Pangong Tso,33.704722,78.75,Ladakh,IN,natural,Q229633,3 Idiots,film,2009,tt1187043,65,62903,311.91,,,,,The film's climax was shot at the lake.,,500,mountain/natural site (curated class natural),,new_spot,large_area_centroid;multi_country;needs_roles;lead_without_role,https://www.wikidata.org/wiki/Q1032254 https://en.wikipedia.org/wiki/3_Idiots
2,7,very large cast - pick the two leads by hand; may be a town/area rather than a spot,curated,Q216939,"Skala (fortified harbour), Essaouira",31.513023,-9.768696,Essaouira Province,MA,village,Q23572,Game of Thrones,tv,2011,tt0944947,139,114098,702.96,Sean Bean,Eddard Stark,Nikolaj Coster-Waldau,Jaime Lannister,The fortified harbour (skala) stood in for the slaver city of Astapor in season three.,Othello (1951),300,beach/park/ranch/set (curated class village),,new_spot,city_level_suspect;large_cast(133),https://www.wikidata.org/wiki/Q216939 https://en.wikipedia.org/wiki/Essaouira https://en.wikipedia.org/wiki/Game_of_Thrones https://en.wikipedia.org/wiki/Valar_Dohaeris
3,5,very large cast - pick the two leads by hand; large area - coordinate is a centroid,wikidata,Q1496690,Gaztelugatxe,43.447,-2.785,Bermeo,ES,mountain; island; biotope; hermitage church,Q23572,Game of Thrones,tv,2011,tt0944947,139,46845,649.22,Sean Bean,Eddard Stark,Nikolaj Coster-Waldau,Jaime Lannister,,,500,mountain/natural site (mountain),,new_spot,via_season_or_episode;wp_mention;needs_scene;large_cast(133);large_area_centroid,https://www.wikidata.org/wiki/Q23572#P915 https://www.wikidata.org/wiki/Q1496690 https://en.wikipedia.org/wiki/Gaztelugatxe
14,2,large area - coordinate is a centroid,wikidata,Q192017,Monument Valley,36.983333,-110.1,San Juan County,US,valley; structural basin,Q103474,2001: A Space Odyssey,film,1968,tt0062622,90,251520,486.05,Keir Dullea,David Bowman,Gary Lockwood,Frank Poole,,Back to the Future Part III (1990),500,mountain/natural site (valley),icon:Q192017,film_line_on_existing,wp_mention;needs_scene;large_area_centroid,https://www.wikidata.org/wiki/Q103474#P915 https://www.wikidata.org/wiki/Q192017 https://en.wikipedia.org/wiki/Monument_Valley
23,2,large area - coordinate is a centroid,wikidata,Q15523,Lake Como,46.0,9.266667,Lombardy,IT,glacial lake,Q181069,Star Wars: Episode II – Attack of the Clones,film,2002,tt0121765,82,345247,454.13,Natalie Portman,Padmé Amidala,Ewan McGregor,Obi-Wan Kenobi,,Andor (2022); Casino Royale (2006); Man on Fire (2004); Ocean's Eleven (2001); Ocean's Twelve (2004); Once Upon a Time in America (1984); Quantum of Solace (2008); Rocco and His Brothers (1960); The Bold and the Beautiful (1987); The Sea Inside (2004),500,mountain/natural site (lake),icon:Q15523,film_line_on_existing,wp_mention;needs_scene;large_area_centroid,https://www.wikidata.org/wiki/Q181069#P915 https://www.wikidata.org/wiki/Q15523 https://en.wikipedia.org/wiki/Lake_Como
25,2,large area - coordinate is a centroid,wikidata,Q1071445,Cheyenne Mountain,38.737194,-104.881,Colorado,US,mountain,Q13417189,Interstellar,film,2014,tt0816692,98,34122,444.24,Matthew McConaughey,Joseph Cooper,Anne Hathaway,Amelia Brand,,,500,mountain/natural site (mountain),,new_spot,wp_mention;needs_scene;large_area_centroid,https://www.wikidata.org/wiki/Q13417189#P915 https://www.wikidata.org/wiki/Q1071445 https://en.wikipedia.org/wiki/Cheyenne_Mountain
28,2,large area - coordinate is a centroid,curated,Q849143,Chott el Djerid,33.7,8.433333,Kebili Governorate,TN,natural,Q17738,Star Wars: Episode IV – A New Hope,film,1977,tt0076759,96,29170,428.64,Harrison Ford,Han Solo,Alec Guinness,Obi-Wan Kenobi,Principal photography began on the salt flat in March 1976.,,500,mountain/natural site (curated class natural),,new_spot,large_area_centroid,https://www.wikidata.org/wiki/Q849143 https://en.wikipedia.org/wiki/Chott_el_Djerid https://en.wikipedia.org/wiki/Star_Wars_%28film%29
32,2,large area - coordinate is a centroid,wikidata,Q285468,Hashima Island,32.627778,129.738333,Nagasaki,JP,island; mine; uninhabited island,Q4941,Skyfall,film,2012,tt1074638,78,229012,418.07,Daniel Craig,James Bond,Javier Bardem,Raoul Silva,,,500,mountain/natural site (island),wikidata:Q285468,film_line_on_existing,wp_mention;needs_scene;large_area_centroid,https://www.wikidata.org/wiki/Q4941#P915 https://www.wikidata.org/wiki/Q285468 https://en.wikipedia.org/wiki/Hashima_Island
39,2,large area - coordinate is a centroid,curated,Q40729,Wadi Rum,29.5765,35.419928,Aqaba Governorate,JO,natural,Q228186,Lawrence of Arabia,film,1962,tt0056172,79,111132,398.62,Jack Hawkins,"Edmund Allenby, 1st Viscount Allenby",Anthony Quinn,Auda ibu Tayi,David Lean filmed much of the film's desert on location here.,Aladdin (2019); Dune (2021); Prometheus (2012); Rogue One: A Star Wars Story (2016); Star Wars: Episode IX – The Rise of Skywalker (2019); The Martian (2015),500,mountain/natural site (curated class natural),icon:Q40729,film_line_on_existing,large_area_centroid,https://www.wikidata.org/wiki/Q40729 https://en.wikipedia.org/wiki/Lawrence_of_Arabia_%28film%29 https://en.wikipedia.org/wiki/Wadi_Rum
200,11,fewer than two cast members with a role on Wikidata; top-billed cast member has no role qualifier; source wording is weak (inspired/used backgrounds); scene line is generic,curated,Q16888858,Yick Cheong Building,22.28423,114.21231,Hong Kong,HK,building,Q6151665,Transformers: Age of Extinction,film,2014,tt2109248,55,64562,264.55,,,,,The housing block inspired locations in the film.,,150,building/castle/station (curated class building),,new_spot,evidence_weak;scene_generic;needs_roles;lead_without_role,https://www.wikidata.org/wiki/Q16888858 https://en.wikipedia.org/wiki/Monster_Building
386,9,"fewer than two cast members with a role on Wikidata; animated work - depicted, not filmed; an unstamped attraction row already exists; low score (156.43)",curated,Q11664822,Suga Shrine stairs,35.685306,139.722444,Tokyo,JP,stairs,Q21697406,Your Name,film,2016,tt5311514,69,184,156.43,,,,,The closing scene: Taki and Mitsuha meet on the shrine stairs and ask each other's names.,,60,stairs/street/cafe/shop (curated class stairs),,new_spot,animated_depiction;needs_roles;reuses_unstamped_row(wikidata:Q125623554),https://www.wikidata.org/wiki/Q11664822 https://en.wikipedia.org/wiki/Suga_Shrine_%28Shinjuku%29 https://en.wikipedia.org/wiki/Your_Name
51,7,source wording is weak (inspired/used backgrounds); an unstamped attraction row already exists; no city resolved,curated,Q2124779,Spitzkoppe,-21.825627,15.195108,,NA,mountain,Q103474,2001: A Space Odyssey,film,1968,tt0062622,90,16350,379.22,Keir Dullea,David Bowman,Gary Lockwood,Frank Poole,"Still photographs of the peaks became the backgrounds of the ""Dawn of Man"" sequence.",,500,mountain/natural site (curated class mountain),,new_spot,evidence_weak;no_city;reuses_unstamped_row(icon:Q2124779),https://www.wikidata.org/wiki/Q2124779 https://en.wikipedia.org/wiki/2001%3A_A_Space_Odyssey https://en.wikipedia.org/wiki/Spitzkoppe
182,7,source wording is weak (inspired/used backgrounds); scene line is generic; no city resolved,curated,Q757166,Atlas Corporation Studios,30.941667,-6.966667,,MA,set,Q207698,Kingdom of Heaven,film,2005,tt0320661,67,12156,273.68,Eva Green,Sibylla,Jeremy Irons,Raymond III of Tripoli,The studio outside Ouarzazate is where many of the area's films were made.,,300,beach/park/ranch/set (curated class set),wikidata:Q757166,film_line_on_existing,evidence_weak;scene_generic;coord_from_wikipedia_geodata;no_city,https://www.wikidata.org/wiki/Q757166 https://en.wikipedia.org/wiki/Atlas_Corporation_Studios https://en.wikipedia.org/wiki/Ouarzazate
306,3,prison/hospital/power-station class [prison],wikidata,Q1049842,Kilmainham Gaol,53.341667,-6.309444,Dublin,IE,prison museum; defunct prison,Q304074,In the Name of the Father,film,1993,tt0107207,43,69670,208.25,Daniel Day-Lewis,Gerry Conlon,Emma Thompson,Gareth Peirce,,,150,building/castle/station (museum),wikidata:Q1049842,film_line_on_existing,wp_mention;needs_scene;review_class(prison),https://www.wikidata.org/wiki/Q304074#P915 https://www.wikidata.org/wiki/Q1049842 https://en.wikipedia.org/wiki/Kilmainham_Gaol
375,11,fewer than two cast members with a role on Wikidata; top-billed cast member has no role qualifier; a higher-billed actor with no role was skipped; an unstamped attraction row already exists; low score (164.69),wikidata,Q7973425,Water Wizz,41.7568,-70.6595,Wareham,US,water park,Q121810,Grown Ups,film,2010,tt1375670,41,10397,164.69,Kevin James,Eric Lamonsoff,,,,,300,beach/park/ranch/set (park),,new_spot,wp_mention;needs_scene;needs_roles;lead_without_role;cast_skips_unroled(Adam Sandler);reuses_unstamped_row(wikidata:Q7973425),https://www.wikidata.org/wiki/Q121810#P915 https://www.wikidata.org/wiki/Q7973425 https://en.wikipedia.org/wiki/Water_Wizz
383,11,fewer than two cast members with a role on Wikidata [same work in 2 other seed rows]; top-billed cast member has no role qualifier; scene line is generic; no city resolved; low score (158.36),curated,Q28197238,Tú Làn Caves System,17.75984,106.116326,,VN,natural,Q21203766,Kong: Skull Island,film,2017,tt3731562,51,1273,158.36,,,,,The entrance of the cave system was a filming location for the film.,,500,mountain/natural site (curated class natural),,new_spot,scene_generic;needs_roles;lead_without_role;no_city,https://www.wikidata.org/wiki/Q28197238 https://en.wikipedia.org/wiki/Kong%3A_Skull_Island
391,11,fewer than two cast members with a role on Wikidata [same work in 1 other seed rows]; top-billed cast member has no role qualifier; a higher-billed actor with no role was skipped; an unstamped attraction row already exists; low score (154.19),wikidata,Q3324477,Gunlom Falls,-13.4313,132.4178,Northern Territory,AU,waterfall,Q615254,Crocodile Dundee,film,1986,tt0090555,46,2248,154.19,David Gulpilil,Neville Bell,,,,,500,mountain/natural site (waterfall),,new_spot,wp_mention;needs_scene;needs_roles;lead_without_role;cast_skips_unroled(Paul Hogan);reuses_unstamped_row(wikidata:Q3324477),https://www.wikidata.org/wiki/Q615254#P915 https://www.wikidata.org/wiki/Q3324477 https://en.wikipedia.org/wiki/Gunlom_Falls
400,10,fewer than two cast members with a role on Wikidata; top-billed cast member has no role qualifier; a higher-billed actor with no role was skipped; low score (150.7),wikidata,Q7053028,Normandale Community College,44.8294,-93.3311,Bloomington,US,community college; public educational institution of the United States,Q300555,A Serious Man,film,2009,tt1019452,41,4736,150.7,George Wyner,Rabbi Nachter,,,,,60,stairs/street/cafe/shop (pub),,new_spot,wp_mention;needs_scene;needs_roles;lead_without_role;cast_skips_unroled(Michael Stuhlbarg),https://www.wikidata.org/wiki/Q300555#P915 https://www.wikidata.org/wiki/Q7053028 https://en.wikipedia.org/wiki/Normandale_Community_College
384,9,fewer than two cast members with a role on Wikidata; top-billed cast member has no role qualifier; an unstamped attraction row already exists; low score (158.2),curated,Q59330112,Rinpung Dzong,27.42667,89.42333,Paro,BT,castle,Q1141873,Little Buddha,film,1993,tt0107426,40,9017,158.2,,,,,Several scenes of the film were filmed at the dzong.,,150,building/castle/station (curated class castle),,new_spot,needs_roles;lead_without_role;reuses_unstamped_row(wikidata:Q3936132),https://www.wikidata.org/wiki/Q59330112 https://en.wikipedia.org/wiki/Rinpung_Dzong
