spot_qid,spot_name,work_qid,work_title,decision,reason,rank
Q120450702,"Supertree Grove, Gardens by the Bay",Q29588623,Crazy Rich Asians,merge:icon:Q630135,"The grove is inside Gardens by the Bay, which already has a stamp. Add the film to that stamp instead of a second one 200 m away.",342
Q1072593,CHIJMES,Q29588623,Crazy Rich Asians,keep,A separate venue from the cathedral next door. The wedding scene was shot in its hall.,387
Q952270,"Intrepid Sea, Air & Space Museum",Q212689,I Am Legend,merge:curated:united-states-new-york-uss-intrepid,"The museum is the USS Intrepid, which already has a stamp. Add the film there.",130
Q909592,Washington Square Park,Q212689,I Am Legend,merge:curated:united-states-new-york-washington-square-arch,The arch stands in the park and already has a stamp. Add the film there.,131
Q5544754,George Square,Q28196,World War Z,keep,"Glasgow's main square, a separate place from the City Chambers beside it.",242
Q2593762,Café des 2 Moulins,Q484048,Amélie,keep,Amélie's café. It is a separate place from the Moulin Rouge 130 m away. You named this one.,107
Q5610634,"Grosvenor Chapel, Mayfair",Q190588,Love Actually,keep,"The wedding at the start of Love Actually. It sits inside the Grosvenor Square stamp's circle, so both can be offered.",204
Q1093941,Toronto City Hall,Q161400,Resident Evil: Apocalypse,keep,"A distinctive building, shown in the film as Raccoon City Hall.",250
Q3389781,place Dalida,Q64584978,Emily in Paris,keep,"An Emily in Paris spot in Montmartre, separate from the Moulin de la Galette.",369
Q3390301,Place de l'Estrapade,Q64584978,Emily in Paris,keep,"Emily's apartment square, one of the most visited Emily in Paris spots.",380
Q4993391,Waverly Place,Q184342,Wizards of Waverly Place,drop,"The show is set on this street, but the sources do not show it was filmed here. A ""Filmed here"" stamp would be untrue.",266
Q1766982,Westin Grand Berlin,Q156608,The Bourne Supremacy,drop,"A working hotel. The stamp would be a lobby, with little for a visitor to see.",298
Q309436,Aït Benhaddou,Q23572,Game of Thrones,keep,"Already a stamp. It gains a Game of Thrones line, with Gladiator and Lawrence of Arabia listed as also filmed here.",1
Q239935,City of Arts and Sciences,Q34316,Doctor Who,keep,Doctor Who filmed an episode here. It is the only work our sources confirm.,15
Q235884,Chhatrapati Shivaji Maharaj Terminus,Q125076,Slumdog Millionaire,keep,"Already a stamp; gains the Slumdog Millionaire ""Jai Ho"" scene. The cast is being corrected.",21
Q49148,Martha's Vineyard,Q189505,Jaws,keep,Already a stamp; gains Jaws.,33
Q240711,Hotel Chelsea,Q484675,Léon: The Professional,keep,Famous in its own right. Léon lived here. The cast is being corrected.,46
Q125006,Brooklyn Bridge,Q212689,I Am Legend,keep,Already a stamp; gains I Am Legend.,76
Q185382,Trevi Fountain,Q18407,La Dolce Vita,keep,Already a stamp; gains La Dolce Vita's fountain scene.,82
Q49117,University of Pennsylvania,Q204057,Philadelphia,drop,"The source sentence never mentions the film, and a university campus is a weak stamp.",97
Q43473,Angkor Wat,Q1056853,In the Mood for Love,keep,Already a stamp; gains the final sequence of In the Mood for Love.,112
Q1032254,Pangong Tso,Q229633,3 Idiots,keep,"The lake from the climax of 3 Idiots, a major trip for Indian travellers.",116
Q216939,"Skala (fortified harbour), Essaouira",Q23572,Game of Thrones,keep,It stood in for Astapor in Game of Thrones.,2
Q1496690,Gaztelugatxe,Q23572,Game of Thrones,keep,Dragonstone in Game of Thrones.,3
Q192017,Monument Valley,Q103474,2001: A Space Odyssey,keep,"Already a stamp; gains 2001: A Space Odyssey, with Back to the Future Part III listed too.",14
Q15523,Lake Como,Q181069,Star Wars: Episode II – Attack of the Clones,keep,Already a stamp; gains Attack of the Clones.,23
Q1071445,Cheyenne Mountain,Q13417189,Interstellar,drop,"It is the story's setting (NASA's hidden base), not a filming location, and it is a closed military site.",25
Q849143,Chott el Djerid,Q17738,Star Wars: Episode IV – A New Hope,keep,The salt flat of Tatooine in the first Star Wars film.,28
Q285468,Hashima Island,Q4941,Skyfall,keep,Already a stamp; outside shots of the island appear in Skyfall.,32
Q40729,Wadi Rum,Q228186,Lawrence of Arabia,keep,Already a stamp; gains Lawrence of Arabia. The leads are being corrected to Peter O'Toole.,39
Q16888858,Yick Cheong Building,Q6151665,Transformers: Age of Extinction,keep,"The ""Monster Building"", a big photo spot, seen in Transformers: Age of Extinction.",200
Q11664822,Suga Shrine stairs,Q21697406,Your Name,drop,"Your Name is animated: the stairs were drawn, not filmed, so ""Filmed here"" would be untrue. We can bring anime spots back later with a ""Seen on screen"" stamp.",386
Q2124779,Spitzkoppe,Q103474,2001: A Space Odyssey,keep,Photos of its peaks became the backdrop of the Dawn of Man sequence in 2001.,51
Q757166,Atlas Corporation Studios,Q207698,Kingdom of Heaven,keep,Already a stamp and open to visitors. It gains Kingdom of Heaven.,182
Q1049842,Kilmainham Gaol,Q304074,In the Name of the Father,keep,Already a stamp (a museum now); gains In the Name of the Father.,306
Q7973425,Water Wizz,Q121810,Grown Ups,drop,A small local water park; the film does not lift it to stamp level.,375
Q28197238,Tú Làn Caves System,Q21203766,Kong: Skull Island,keep,Kong: Skull Island filmed at the cave entrance. The caves are an adventure-tour stop.,383
Q3324477,Gunlom Falls,Q615254,Crocodile Dundee,keep,"In Kakadu, seen in Crocodile Dundee.",391
Q7053028,Normandale Community College,Q300555,A Serious Man,drop,A community college campus; a weak stamp even with the film.,400
Q59330112,Rinpung Dzong,Q1141873,Little Buddha,keep,Scenes of Little Buddha were filmed at the fortress in Paro.,384
Q48972968,Baja Studios,Q44578,Titanic,drop,A working studio whose visitor tour has closed; nothing for a traveller to stand at.,4
Q181172,Tikal,Q17738,Star Wars: Episode IV – A New Hope,keep,Both Tikal and Temple IV are stamps we already have; the film line goes on each.,10
Q19835,"Warner Bros. Studios, Leavesden",Q102438,Harry Potter and the Philosopher's Stone,merge:icon:Q27924395,The Studio Tour stamp 340 m away is the visitable place; the film goes there.,18
Q48821,Kennedy Space Center,Q106428,Apollo 13,drop,No source says the film was shot at the centre; the film line waits for one. The centre keeps its own stamp.,77
Q5555209,Halton House,Q160060,The King's Speech,drop,"An RAF officers' mess, not open to visitors.",81
Q979167,Ajim,Q17738,Star Wars: Episode IV – A New Hope,drop,A town-level location with no single spot to stand at.,90
Q5713579,Hendon Police College,Q14171368,Avengers: Age of Ultron,drop,"A police training college, not a visitor place.",92
Q648192,Six Flags New Orleans,Q3512046,Jurassic World,drop,The park is abandoned and closed to the public.,114
Q519826,Lawrence Livermore National Laboratory,Q171711,Star Trek Into Darkness,drop,"A secure national laboratory, not a visitor place.",122
Q12858813,Lincoln Heights Jail,Q205028,Iron Man 2,drop,"A closed former jail, not open to visitors.",138
Q5365721,Elliott School,Q190588,Love Actually,drop,"A working school, not a visitor place.",139
Q2628510,Badminton House,Q194413,Pearl Harbor,drop,"A private house, not open to visitors.",147
Q129143,Trafalgar Square,Q5890,V for Vendetta,drop,The only tie to the film is a road closure; no scene was shot in the square.,5
Q1472049,Salisbury Plain,Q62721520,1917,drop,"A large, partly restricted military training area.",157
Q1431014,National Ignition Facility,Q171711,Star Trek Into Darkness,drop,Inside a secure national laboratory.,159
Q125138,Queens–Midtown Tunnel,Q51416,Men in Black,drop,The scene is set in the tunnel; no source says it was shot there.,167
Q2485027,Ford Island,Q194413,Pearl Harbor,keep,Open to visitors through the Pearl Harbor sites; the island article names the film.,207
Q1332478,Wye Valley,Q55632932,Sex Education,drop,A large area; filming was spread over several villages.,228
Q214855,Bank of China Tower,Q156329,Star Trek: Voyager,drop,"An exterior shot, most likely stock footage.",231
Q49136,Fenway Park,Q725539,The Town,drop,No source says the scenes were shot in the park; the film line waits for one.,249
Q16995495,Joyce Grove,Q14918344,The Imitation Game,drop,A hospice until 2020; not a visitor place.,256
Q25212617,Carlton Hotel,Q201819,District 9,drop,Closed since 1998.,261
Q2630372,Top Gear test track,Q33162,Top Gear,drop,A private airfield.,263
Q2092214,University of North Carolina Wilmington,Q203385,One Tree Hill,drop,A working campus; a weak stamp.,267
Q332474,Harrods,Q27964337,Peter Rabbit,drop,A story setting; no source says the scenes were shot in the store.,275
Q7826925,Torrance High School,Q117590,"Beverly Hills, 90210",drop,A working school.,284
Q7372382,Stone Canyon Reservoir,Q644987,Chinatown,drop,A fenced reservoir; nothing to stand at.,291
Q1241943,Narragansett Bay,Q217112,Moonrise Kingdom,drop,A large area; filming was on several islands and forts.,303
Q1802429,St. Andrew's School,Q3577037,The West Wing,drop,A working boarding school.,304
Q6970416,National Archives Building,Q309366,National Treasure,drop,The section is set there; no source says it was filmed there.,325
Q8038699,Wrotham Park,Q391101,Agatha Christie's Poirot,drop,A private house.,327
Q3137221,University of Toronto Scarborough,Q634810,Total Recall,drop,A working campus; a weak stamp.,340
Q1727138,Los Angeles City College,Q728553,Community,drop,A working campus; a weak stamp.,351
Q7494978,Sheriff Street,Q304074,In the Name of the Father,drop,The flats used for the scene were demolished.,365
Q18683358,Integral House,Q21296543,Star Trek: Discovery,drop,A private residence.,374
Q16899452,Rotherfield Park,Q391101,Agatha Christie's Poirot,drop,A private house.,378
Q1534537,Schnals Valley,Q15631013,Everest,drop,A large valley with no single spot.,379
Q5270901,Diamond Ranch High School,Q691611,Serenity,drop,A working school.,385
Q16957681,Chilworth Manor,Q391101,Agatha Christie's Poirot,drop,A private house.,392
Q29014,Millennium Dome,Q212145,The World Is Not Enough,merge:curated:united-kingdom-london-the-o2-arena,The Dome is the same building as The O2 Arena stamp; the Bond film goes on that stamp.,108
